portfolio_id,severity,display_type,rule,target_kind,renderer,affected_targets,authored_consumers
GF-F-BAR-CHART-FIGURE-FAMILY-CR-ORIGIN,MAJOR,bar_chart,origin,figure_renderer,CrLinearVsQuadratic,1,1
GF-F-BAR-CHART-FIGURE-FAMILY-CR-TICKS,MAJOR,bar_chart,ticks,figure_renderer,CrLinearVsQuadratic,1,1
GF-F-BAR-CHART-FIGURE-FAMILY-G2G-ORIGIN,MAJOR,bar_chart,origin,figure_renderer,G2gBarGap,1,4
GF-F-BAR-CHART-FIGURE-FAMILY-LC-ORIGIN,MAJOR,bar_chart,origin,figure_renderer,LcPartialSums,1,1
GF-F-BAR-CHART-FIGURE-FAMILY-LC-TICKS,MAJOR,bar_chart,ticks,figure_renderer,LcPartialSums,1,1
GF-F-BAR-CHART-FIGURE-FAMILY-MD3-ORIGIN,MAJOR,bar_chart,origin,figure_renderer,Md3BarGraph,1,2
GF-F-BAR-CHART-FIGURE-FAMILY-MMT-ORIGIN,MAJOR,bar_chart,origin,figure_renderer,MmtPictureGraph,2,9
GF-F-BAR-CHART-FIGURE-FAMILY-MMT-TICKS,MAJOR,bar_chart,ticks,figure_renderer,MmtPictureGraph,2,9
GF-F-BAR-CHART-FIGURE-FAMILY-SINGLE-ORIGIN,MAJOR,bar_chart,origin,figure_renderer,SingleScaleGraph,1,10
GF-F-BOX-PLOT-FIGURE-FAMILY-DD-TICKS,MAJOR,box_plot,ticks,figure_renderer,DdBoxFiveNumber,3,4
GF-F-BOX-PLOT-FIGURE-FAMILY-DM-TICKS,MAJOR,box_plot,ticks,figure_renderer,DmCompareSpread,1,1
GF-F-COORDINATE-GRAPH-FIGURE-FAMILY-ASV-GRID,MINOR,coordinate_graph,grid,figure_renderer,AsvCoordLength,3,3
GF-F-COORDINATE-GRAPH-FIGURE-FAMILY-ASV-ORIGIN,MAJOR,coordinate_graph,origin,figure_renderer,AsvCoordLength,6,6
GF-F-COORDINATE-GRAPH-FIGURE-FAMILY-ASV-TICKS,MAJOR,coordinate_graph,ticks,figure_renderer,AsvCoordLength,6,6
GF-F-COORDINATE-GRAPH-FIGURE-FAMILY-AVP-GRID,MINOR,coordinate_graph,grid,figure_renderer,AvpOpenClosedCircle,2,2
GF-F-COORDINATE-GRAPH-FIGURE-FAMILY-AVP-ORIGIN,MAJOR,coordinate_graph,origin,figure_renderer,AvpOpenClosedCircle,2,2
GF-F-COORDINATE-GRAPH-FIGURE-FAMILY-AVP-TICKS,MAJOR,coordinate_graph,ticks,figure_renderer,AvpOpenClosedCircle,2,2
GF-F-COORDINATE-GRAPH-FIGURE-FAMILY-BV-GRID,MINOR,coordinate_graph,grid,figure_renderer,BvLineEquation,1,1
GF-F-COORDINATE-GRAPH-FIGURE-FAMILY-BV-ORIGIN,MAJOR,coordinate_graph,origin,figure_renderer,BvLineEquation,1,1
GF-F-COORDINATE-GRAPH-FIGURE-FAMILY-BV-TICKS,MAJOR,coordinate_graph,ticks,figure_renderer,BvLineEquation,1,1
GF-F-COORDINATE-GRAPH-FIGURE-FAMILY-CG-GRID,MINOR,coordinate_graph,grid,figure_renderer,CgTownMap,3,3
GF-F-COORDINATE-GRAPH-FIGURE-FAMILY-CG-LABELS,MINOR,coordinate_graph,labels,figure_renderer,CgEachPlottable,1,1
GF-F-COORDINATE-GRAPH-FIGURE-FAMILY-CG-ORIGIN,MAJOR,coordinate_graph,origin,figure_renderer,CgTownMap,3,3
GF-F-COORDINATE-GRAPH-FIGURE-FAMILY-CG-TICKS,MAJOR,coordinate_graph,ticks,figure_renderer,CgTownMap,3,3
GF-F-COORDINATE-GRAPH-FIGURE-FAMILY-CN-GRID,MINOR,coordinate_graph,grid,figure_renderer,CnComplexPlane,3,3
GF-F-COORDINATE-GRAPH-FIGURE-FAMILY-CN-ORIGIN,MAJOR,coordinate_graph,origin,figure_renderer,CnComplexPlane,3,3
GF-F-COORDINATE-GRAPH-FIGURE-FAMILY-CN-TICKS,MAJOR,coordinate_graph,ticks,figure_renderer,CnComplexPlane,3,3
GF-F-COORDINATE-GRAPH-FIGURE-FAMILY-CO-GRID,MINOR,coordinate_graph,grid,figure_renderer,CoHyperbolaFoci,4,8
GF-F-COORDINATE-GRAPH-FIGURE-FAMILY-CO-ORIGIN,MAJOR,coordinate_graph,origin,figure_renderer,CoHyperbolaFoci,4,8
GF-F-COORDINATE-GRAPH-FIGURE-FAMILY-CO-TICKS,MAJOR,coordinate_graph,ticks,figure_renderer,CoHyperbolaFoci,4,8
GF-F-COORDINATE-GRAPH-FIGURE-FAMILY-COMPLEX-GRID,MINOR,coordinate_graph,grid,figure_renderer,ComplexPlane,1,1
GF-F-COORDINATE-GRAPH-FIGURE-FAMILY-COMPLEX-TICKS,MAJOR,coordinate_graph,ticks,figure_renderer,ComplexPlane,1,1
GF-F-COORDINATE-GRAPH-FIGURE-FAMILY-COORDINATE-GRID,MINOR,coordinate_graph,grid,figure_renderer,CoordinatePlane,1,13
GF-F-COORDINATE-GRAPH-FIGURE-FAMILY-COORDINATE-TICKS,MAJOR,coordinate_graph,ticks,figure_renderer,CoordinatePlane,1,13
GF-F-COORDINATE-GRAPH-FIGURE-FAMILY-CX-GRID,MINOR,coordinate_graph,grid,figure_renderer,CxSimilarWalk,4,4
GF-F-COORDINATE-GRAPH-FIGURE-FAMILY-CX-ORIGIN,MAJOR,coordinate_graph,origin,figure_renderer,CxSimilarWalk,4,4
GF-F-COORDINATE-GRAPH-FIGURE-FAMILY-CX-TICKS,MAJOR,coordinate_graph,ticks,figure_renderer,CxSimilarWalk,4,4
GF-F-COORDINATE-GRAPH-FIGURE-FAMILY-DE-GRID,MINOR,coordinate_graph,grid,figure_renderer,DeSlopeFieldThreads,1,4
GF-F-COORDINATE-GRAPH-FIGURE-FAMILY-DE-ORIGIN,MAJOR,coordinate_graph,origin,figure_renderer,DeSlopeFieldThreads,1,4
GF-F-COORDINATE-GRAPH-FIGURE-FAMILY-DE-TICKS,MAJOR,coordinate_graph,ticks,figure_renderer,DeSlopeFieldThreads,1,4
GF-F-COORDINATE-GRAPH-FIGURE-FAMILY-DISCRIMINANT-GRID,MINOR,coordinate_graph,grid,figure_renderer,DiscriminantCases,1,3
GF-F-COORDINATE-GRAPH-FIGURE-FAMILY-DISCRIMINANT-ORIGIN,MAJOR,coordinate_graph,origin,figure_renderer,DiscriminantCases,1,3
GF-F-COORDINATE-GRAPH-FIGURE-FAMILY-DISCRIMINANT-TICKS,MAJOR,coordinate_graph,ticks,figure_renderer,DiscriminantCases,1,3
GF-F-COORDINATE-GRAPH-FIGURE-FAMILY-DR-GRID,MINOR,coordinate_graph,grid,figure_renderer,DrCornerNoTangent,1,4
GF-F-COORDINATE-GRAPH-FIGURE-FAMILY-DR-ORIGIN,MAJOR,coordinate_graph,origin,figure_renderer,DrCornerNoTangent,1,4
GF-F-COORDINATE-GRAPH-FIGURE-FAMILY-DR-TICKS,MAJOR,coordinate_graph,ticks,figure_renderer,DrCornerNoTangent,1,4
GF-F-COORDINATE-GRAPH-FIGURE-FAMILY-END-GRID,MINOR,coordinate_graph,grid,figure_renderer,EndBehaviorQuadrants,1,2
GF-F-COORDINATE-GRAPH-FIGURE-FAMILY-END-ORIGIN,MAJOR,coordinate_graph,origin,figure_renderer,EndBehaviorQuadrants,1,2
GF-F-COORDINATE-GRAPH-FIGURE-FAMILY-END-TICKS,MAJOR,coordinate_graph,ticks,figure_renderer,EndBehaviorQuadrants,1,2
GF-F-COORDINATE-GRAPH-FIGURE-FAMILY-EXP-GRID,MINOR,coordinate_graph,grid,figure_renderer,ExpCurveGrowth,2,10
GF-F-COORDINATE-GRAPH-FIGURE-FAMILY-EXP-ORIGIN,MAJOR,coordinate_graph,origin,figure_renderer,ExpCurveGrowth,2,10
GF-F-COORDINATE-GRAPH-FIGURE-FAMILY-EXP-TICKS,MAJOR,coordinate_graph,ticks,figure_renderer,ExpCurveGrowth,2,10
GF-F-COORDINATE-GRAPH-FIGURE-FAMILY-EXTRANEOUS-GRID,MINOR,coordinate_graph,grid,figure_renderer,ExtraneousIntersection,1,1
GF-F-COORDINATE-GRAPH-FIGURE-FAMILY-EXTRANEOUS-ORIGIN,MAJOR,coordinate_graph,origin,figure_renderer,ExtraneousIntersection,1,1
GF-F-COORDINATE-GRAPH-FIGURE-FAMILY-EXTRANEOUS-TICKS,MAJOR,coordinate_graph,ticks,figure_renderer,ExtraneousIntersection,1,1
GF-F-COORDINATE-GRAPH-FIGURE-FAMILY-FERRIS-GRID,MINOR,coordinate_graph,grid,figure_renderer,FerrisWheelWave,1,1
GF-F-COORDINATE-GRAPH-FIGURE-FAMILY-FERRIS-ORIGIN,MAJOR,coordinate_graph,origin,figure_renderer,FerrisWheelWave,1,1
GF-F-COORDINATE-GRAPH-FIGURE-FAMILY-FERRIS-TICKS,MAJOR,coordinate_graph,ticks,figure_renderer,FerrisWheelWave,1,1
GF-F-COORDINATE-GRAPH-FIGURE-FAMILY-FG-GRID,MINOR,coordinate_graph,grid,figure_renderer,FgInitialValue,3,5
GF-F-COORDINATE-GRAPH-FIGURE-FAMILY-FG-ORIGIN,MAJOR,coordinate_graph,origin,figure_renderer,FgInitialValue,3,5
GF-F-COORDINATE-GRAPH-FIGURE-FAMILY-FG-TICKS,MAJOR,coordinate_graph,ticks,figure_renderer,FgInitialValue,3,5
GF-F-COORDINATE-GRAPH-FIGURE-FAMILY-FN-GRID,MINOR,coordinate_graph,grid,figure_renderer,FnVerticalLineTest,1,1
GF-F-COORDINATE-GRAPH-FIGURE-FAMILY-FN-ORIGIN,MAJOR,coordinate_graph,origin,figure_renderer,FnVerticalLineTest,1,1
GF-F-COORDINATE-GRAPH-FIGURE-FAMILY-FN-TICKS,MAJOR,coordinate_graph,ticks,figure_renderer,FnVerticalLineTest,1,1
GF-F-COORDINATE-GRAPH-FIGURE-FAMILY-FNA-GRID,MINOR,coordinate_graph,grid,figure_renderer,FnaEvenSymmetry,4,4
GF-F-COORDINATE-GRAPH-FIGURE-FAMILY-FNA-ORIGIN,MAJOR,coordinate_graph,origin,figure_renderer,FnaEvenSymmetry,4,4
GF-F-COORDINATE-GRAPH-FIGURE-FAMILY-FNA-TICKS,MAJOR,coordinate_graph,ticks,figure_renderer,FnaEvenSymmetry,4,4
GF-F-COORDINATE-GRAPH-FIGURE-FAMILY-FOUR-GRID,MINOR,coordinate_graph,grid,figure_renderer,FourQuadrantPlane,1,2
GF-F-COORDINATE-GRAPH-FIGURE-FAMILY-FOUR-ORIGIN,MAJOR,coordinate_graph,origin,figure_renderer,FourQuadrantPlane,1,2
GF-F-COORDINATE-GRAPH-FIGURE-FAMILY-FOUR-TICKS,MAJOR,coordinate_graph,ticks,figure_renderer,FourQuadrantPlane,1,2
GF-F-COORDINATE-GRAPH-FIGURE-FAMILY-FT-GRID,MINOR,coordinate_graph,grid,figure_renderer,FtParentSquareAbs,3,3
GF-F-COORDINATE-GRAPH-FIGURE-FAMILY-FT-ORIGIN,MAJOR,coordinate_graph,origin,figure_renderer,FtParentSquareAbs,3,3
GF-F-COORDINATE-GRAPH-FIGURE-FAMILY-FT-TICKS,MAJOR,coordinate_graph,ticks,figure_renderer,FtParentSquareAbs,3,3
GF-F-COORDINATE-GRAPH-FIGURE-FAMILY-GF-GRID,MINOR,coordinate_graph,grid,figure_renderer,GfReflectionsSigns,5,6
GF-F-COORDINATE-GRAPH-FIGURE-FAMILY-GF-ORIGIN,MAJOR,coordinate_graph,origin,figure_renderer,GfReflectionsSigns,4,5
GF-F-COORDINATE-GRAPH-FIGURE-FAMILY-GF-TICKS,MAJOR,coordinate_graph,ticks,figure_renderer,GfReflectionsSigns,5,6
GF-F-COORDINATE-GRAPH-FIGURE-FAMILY-HOLE-GRID,MINOR,coordinate_graph,grid,figure_renderer,HoleVsAsymptote,1,1
GF-F-COORDINATE-GRAPH-FIGURE-FAMILY-HOLE-ORIGIN,MAJOR,coordinate_graph,origin,figure_renderer,HoleVsAsymptote,1,1
GF-F-COORDINATE-GRAPH-FIGURE-FAMILY-HOLE-TICKS,MAJOR,coordinate_graph,ticks,figure_renderer,HoleVsAsymptote,1,1
GF-F-COORDINATE-GRAPH-FIGURE-FAMILY-IA-GRID,MINOR,coordinate_graph,grid,figure_renderer,IaStripToDisc,1,6
GF-F-COORDINATE-GRAPH-FIGURE-FAMILY-IA-ORIGIN,MAJOR,coordinate_graph,origin,figure_renderer,IaStripToDisc,1,6
GF-F-COORDINATE-GRAPH-FIGURE-FAMILY-IA-TICKS,MAJOR,coordinate_graph,ticks,figure_renderer,IaStripToDisc,1,6
GF-F-COORDINATE-GRAPH-FIGURE-FAMILY-INVERSE-ORIGIN,MAJOR,coordinate_graph,origin,figure_renderer,InverseReflection,1,1
GF-F-COORDINATE-GRAPH-FIGURE-FAMILY-INVERSE-TICKS,MAJOR,coordinate_graph,ticks,figure_renderer,InverseReflection,1,1
GF-F-COORDINATE-GRAPH-FIGURE-FAMILY-KITE-GRID,MINOR,coordinate_graph,grid,figure_renderer,KiteDiagonals,1,1
GF-F-COORDINATE-GRAPH-FIGURE-FAMILY-KITE-ORIGIN,MAJOR,coordinate_graph,origin,figure_renderer,KiteDiagonals,1,1
GF-F-COORDINATE-GRAPH-FIGURE-FAMILY-LC-GRID,MINOR,coordinate_graph,grid,figure_renderer,LcJumpOnesided,3,5
GF-F-COORDINATE-GRAPH-FIGURE-FAMILY-LC-ORIGIN,MAJOR,coordinate_graph,origin,figure_renderer,LcJumpOnesided,3,5
GF-F-COORDINATE-GRAPH-FIGURE-FAMILY-LC-TICKS,MAJOR,coordinate_graph,ticks,figure_renderer,LcJumpOnesided,3,5
GF-F-COORDINATE-GRAPH-FIGURE-FAMILY-LES-GRID,MINOR,coordinate_graph,grid,figure_renderer,LesGraphSolution,1,1
GF-F-COORDINATE-GRAPH-FIGURE-FAMILY-LES-ORIGIN,MAJOR,coordinate_graph,origin,figure_renderer,LesGraphSolution,1,1
GF-F-COORDINATE-GRAPH-FIGURE-FAMILY-LES-TICKS,MAJOR,coordinate_graph,ticks,figure_renderer,LesGraphSolution,1,1
GF-F-COORDINATE-GRAPH-FIGURE-FAMILY-LF-GRID,MINOR,coordinate_graph,grid,figure_renderer,LfXIntercept,1,1
GF-F-COORDINATE-GRAPH-FIGURE-FAMILY-LF-ORIGIN,MAJOR,coordinate_graph,origin,figure_renderer,LfXIntercept,1,1
GF-F-COORDINATE-GRAPH-FIGURE-FAMILY-LF-TICKS,MAJOR,coordinate_graph,ticks,figure_renderer,LfXIntercept,1,1
GF-F-COORDINATE-GRAPH-FIGURE-FAMILY-LINE-GRID,MINOR,coordinate_graph,grid,figure_renderer,LineIntercepts,1,9
GF-F-COORDINATE-GRAPH-FIGURE-FAMILY-LINE-ORIGIN,MAJOR,coordinate_graph,origin,figure_renderer,LineIntercepts,1,9
GF-F-COORDINATE-GRAPH-FIGURE-FAMILY-LINE-TICKS,MAJOR,coordinate_graph,ticks,figure_renderer,LineIntercepts,1,9
GF-F-COORDINATE-GRAPH-FIGURE-FAMILY-MD3-GRID,MINOR,coordinate_graph,grid,figure_renderer,Md3Pictograph,5,5
GF-F-COORDINATE-GRAPH-FIGURE-FAMILY-MD3-LABELS,MINOR,coordinate_graph,labels,figure_renderer,Md3PictographFourApples,4,4
GF-F-COORDINATE-GRAPH-FIGURE-FAMILY-MD3-ORIGIN,MAJOR,coordinate_graph,origin,figure_renderer,Md3Pictograph,5,5
GF-F-COORDINATE-GRAPH-FIGURE-FAMILY-MD3-TICKS,MAJOR,coordinate_graph,ticks,figure_renderer,Md3Pictograph,5,5
GF-F-COORDINATE-GRAPH-FIGURE-FAMILY-MIDPOINT-GRID,MINOR,coordinate_graph,grid,figure_renderer,MidpointAverage,1,1
GF-F-COORDINATE-GRAPH-FIGURE-FAMILY-MIDPOINT-ORIGIN,MAJOR,coordinate_graph,origin,figure_renderer,MidpointAverage,1,1
GF-F-COORDINATE-GRAPH-FIGURE-FAMILY-MIDPOINT-TICKS,MAJOR,coordinate_graph,ticks,figure_renderer,MidpointAverage,1,1
GF-F-COORDINATE-GRAPH-FIGURE-FAMILY-MMT-GRID,MINOR,coordinate_graph,grid,figure_renderer,MmtGraphSubtraction,1,1
GF-F-COORDINATE-GRAPH-FIGURE-FAMILY-MMT-ORIGIN,MAJOR,coordinate_graph,origin,figure_renderer,MmtGraphSubtraction,1,1
GF-F-COORDINATE-GRAPH-FIGURE-FAMILY-MMT-TICKS,MAJOR,coordinate_graph,ticks,figure_renderer,MmtGraphSubtraction,1,1
GF-F-COORDINATE-GRAPH-FIGURE-FAMILY-MULTIPLICITY-GRID,MINOR,coordinate_graph,grid,figure_renderer,MultiplicityBounceCross,1,2
GF-F-COORDINATE-GRAPH-FIGURE-FAMILY-MULTIPLICITY-ORIGIN,MAJOR,coordinate_graph,origin,figure_renderer,MultiplicityBounceCross,1,2
GF-F-COORDINATE-GRAPH-FIGURE-FAMILY-MULTIPLICITY-TICKS,MAJOR,coordinate_graph,ticks,figure_renderer,MultiplicityBounceCross,1,2
GF-F-COORDINATE-GRAPH-FIGURE-FAMILY-NLS-GRID,MINOR,coordinate_graph,grid,figure_renderer,NlsSubstituteRecipe,1,1
GF-F-COORDINATE-GRAPH-FIGURE-FAMILY-NLS-ORIGIN,MAJOR,coordinate_graph,origin,figure_renderer,NlsSubstituteRecipe,1,1
GF-F-COORDINATE-GRAPH-FIGURE-FAMILY-NLS-TICKS,MAJOR,coordinate_graph,ticks,figure_renderer,NlsSubstituteRecipe,1,1
GF-F-COORDINATE-GRAPH-FIGURE-FAMILY-PARABOLA-GRID,MINOR,coordinate_graph,grid,figure_renderer,ParabolaVertex,2,11
GF-F-COORDINATE-GRAPH-FIGURE-FAMILY-PARABOLA-ORIGIN,MAJOR,coordinate_graph,origin,figure_renderer,ParabolaVertex,2,11
GF-F-COORDINATE-GRAPH-FIGURE-FAMILY-PARABOLA-TICKS,MAJOR,coordinate_graph,ticks,figure_renderer,ParabolaVertex,2,11
GF-F-COORDINATE-GRAPH-FIGURE-FAMILY-PARENT-GRID,MINOR,coordinate_graph,grid,figure_renderer,ParentFunctions,1,4
GF-F-COORDINATE-GRAPH-FIGURE-FAMILY-PARENT-ORIGIN,MAJOR,coordinate_graph,origin,figure_renderer,ParentFunctions,1,4
GF-F-COORDINATE-GRAPH-FIGURE-FAMILY-PARENT-TICKS,MAJOR,coordinate_graph,ticks,figure_renderer,ParentFunctions,1,4
GF-F-COORDINATE-GRAPH-FIGURE-FAMILY-PF-GRID,MINOR,coordinate_graph,grid,figure_renderer,PfDegreeZeros,5,5
GF-F-COORDINATE-GRAPH-FIGURE-FAMILY-PF-ORIGIN,MAJOR,coordinate_graph,origin,figure_renderer,PfDegreeZeros,5,5
GF-F-COORDINATE-GRAPH-FIGURE-FAMILY-PF-TICKS,MAJOR,coordinate_graph,ticks,figure_renderer,PfDegreeZeros,5,5
GF-F-COORDINATE-GRAPH-FIGURE-FAMILY-PP-GRID,MINOR,coordinate_graph,grid,figure_renderer,PpNotUnique,3,3
GF-F-COORDINATE-GRAPH-FIGURE-FAMILY-PP-ORIGIN,MAJOR,coordinate_graph,origin,figure_renderer,PpNotUnique,2,2
GF-F-COORDINATE-GRAPH-FIGURE-FAMILY-PP-TICKS,MAJOR,coordinate_graph,ticks,figure_renderer,PpNotUnique,3,3
GF-F-COORDINATE-GRAPH-FIGURE-FAMILY-PR-GRID,MINOR,coordinate_graph,grid,figure_renderer,PrFlatStart,3,4
GF-F-COORDINATE-GRAPH-FIGURE-FAMILY-PR-ORIGIN,MAJOR,coordinate_graph,origin,figure_renderer,PrUnitRatePoint,1,2
GF-F-COORDINATE-GRAPH-FIGURE-FAMILY-PR-TICKS,MAJOR,coordinate_graph,ticks,figure_renderer,PrFlatStart,3,4
GF-F-COORDINATE-GRAPH-FIGURE-FAMILY-PR7-GRID,MINOR,coordinate_graph,grid,figure_renderer,Pr7StraightLine,3,1
GF-F-COORDINATE-GRAPH-FIGURE-FAMILY-PR7-ORIGIN,MAJOR,coordinate_graph,origin,figure_renderer,Pr7Point1k,2,1
GF-F-COORDINATE-GRAPH-FIGURE-FAMILY-PR7-TICKS,MAJOR,coordinate_graph,ticks,figure_renderer,Pr7StraightLine,3,1
GF-F-COORDINATE-GRAPH-FIGURE-FAMILY-PRA-GRID,MINOR,coordinate_graph,grid,figure_renderer,PraFewerReal,4,4
GF-F-COORDINATE-GRAPH-FIGURE-FAMILY-PRA-ORIGIN,MAJOR,coordinate_graph,origin,figure_renderer,PraFewerReal,4,4
GF-F-COORDINATE-GRAPH-FIGURE-FAMILY-PRA-TICKS,MAJOR,coordinate_graph,ticks,figure_renderer,PraFewerReal,4,4
GF-F-COORDINATE-GRAPH-FIGURE-FAMILY-QU-GRID,MINOR,coordinate_graph,grid,figure_renderer,QuAxisSymmetry,5,5
GF-F-COORDINATE-GRAPH-FIGURE-FAMILY-QU-ORIGIN,MAJOR,coordinate_graph,origin,figure_renderer,QuAxisSymmetry,5,5
GF-F-COORDINATE-GRAPH-FIGURE-FAMILY-QU-TICKS,MAJOR,coordinate_graph,ticks,figure_renderer,QuAxisSymmetry,5,5
GF-F-COORDINATE-GRAPH-FIGURE-FAMILY-RAD-GRID,MINOR,coordinate_graph,grid,figure_renderer,RadDistanceSubtract,1,1
GF-F-COORDINATE-GRAPH-FIGURE-FAMILY-RAD-TICKS,MAJOR,coordinate_graph,ticks,figure_renderer,RadDistanceSubtract,1,1
GF-F-COORDINATE-GRAPH-FIGURE-FAMILY-RE-GRID,MINOR,coordinate_graph,grid,figure_renderer,ReTransformations,3,3
GF-F-COORDINATE-GRAPH-FIGURE-FAMILY-RE-ORIGIN,MAJOR,coordinate_graph,origin,figure_renderer,ReTransformations,3,3
GF-F-COORDINATE-GRAPH-FIGURE-FAMILY-RE-TICKS,MAJOR,coordinate_graph,ticks,figure_renderer,ReTransformations,3,3
GF-F-COORDINATE-GRAPH-FIGURE-FAMILY-RECIPROCAL-GRID,MINOR,coordinate_graph,grid,figure_renderer,ReciprocalParent,1,1
GF-F-COORDINATE-GRAPH-FIGURE-FAMILY-RECIPROCAL-ORIGIN,MAJOR,coordinate_graph,origin,figure_renderer,ReciprocalParent,1,1
GF-F-COORDINATE-GRAPH-FIGURE-FAMILY-RECIPROCAL-TICKS,MAJOR,coordinate_graph,ticks,figure_renderer,ReciprocalParent,1,1
GF-F-COORDINATE-GRAPH-FIGURE-FAMILY-RR6-GRID,MINOR,coordinate_graph,grid,figure_renderer,Rr6TableToPlane,1,1
GF-F-COORDINATE-GRAPH-FIGURE-FAMILY-RR6-ORIGIN,MAJOR,coordinate_graph,origin,figure_renderer,Rr6TableToPlane,1,1
GF-F-COORDINATE-GRAPH-FIGURE-FAMILY-RR6-TICKS,MAJOR,coordinate_graph,ticks,figure_renderer,Rr6TableToPlane,1,1
GF-F-COORDINATE-GRAPH-FIGURE-FAMILY-SE-GRID,MINOR,coordinate_graph,grid,figure_renderer,SeGraphCross,2,2
GF-F-COORDINATE-GRAPH-FIGURE-FAMILY-SE-ORIGIN,MAJOR,coordinate_graph,origin,figure_renderer,SeGraphCross,2,2
GF-F-COORDINATE-GRAPH-FIGURE-FAMILY-SE-TICKS,MAJOR,coordinate_graph,ticks,figure_renderer,SeGraphCross,2,2
GF-F-COORDINATE-GRAPH-FIGURE-FAMILY-SOLIDS-GRID,MINOR,coordinate_graph,grid,figure_renderer,SolidsOfRevolution,1,1
GF-F-COORDINATE-GRAPH-FIGURE-FAMILY-SOLIDS-ORIGIN,MAJOR,coordinate_graph,origin,figure_renderer,SolidsOfRevolution,1,1
GF-F-COORDINATE-GRAPH-FIGURE-FAMILY-SOLIDS-TICKS,MAJOR,coordinate_graph,ticks,figure_renderer,SolidsOfRevolution,1,1
GF-F-COORDINATE-GRAPH-FIGURE-FAMILY-SQRT-GRID,MINOR,coordinate_graph,grid,figure_renderer,SqrtDomainGraph,1,1
GF-F-COORDINATE-GRAPH-FIGURE-FAMILY-SQRT-ORIGIN,MAJOR,coordinate_graph,origin,figure_renderer,SqrtDomainGraph,1,1
GF-F-COORDINATE-GRAPH-FIGURE-FAMILY-SQRT-TICKS,MAJOR,coordinate_graph,ticks,figure_renderer,SqrtDomainGraph,1,1
GF-F-COORDINATE-GRAPH-FIGURE-FAMILY-SY-GRID,MINOR,coordinate_graph,grid,figure_renderer,SyDilationOrigin,1,1
GF-F-COORDINATE-GRAPH-FIGURE-FAMILY-SY-TICKS,MAJOR,coordinate_graph,ticks,figure_renderer,SyDilationOrigin,1,1
GF-F-COORDINATE-GRAPH-FIGURE-FAMILY-TF-GRID,MINOR,coordinate_graph,grid,figure_renderer,TfReferenceAngle,4,4
GF-F-COORDINATE-GRAPH-FIGURE-FAMILY-TF-ORIGIN,MAJOR,coordinate_graph,origin,figure_renderer,TfReferenceAngle,4,4
GF-F-COORDINATE-GRAPH-FIGURE-FAMILY-TF-TICKS,MAJOR,coordinate_graph,ticks,figure_renderer,TfReferenceAngle,4,4
GF-F-COORDINATE-GRAPH-FIGURE-FAMILY-TG-GRID,MINOR,coordinate_graph,grid,figure_renderer,TgReadLandmarks,3,3
GF-F-COORDINATE-GRAPH-FIGURE-FAMILY-TG-ORIGIN,MAJOR,coordinate_graph,origin,figure_renderer,TgReadLandmarks,2,2
GF-F-COORDINATE-GRAPH-FIGURE-FAMILY-TG-TICKS,MAJOR,coordinate_graph,ticks,figure_renderer,TgReadLandmarks,3,3
GF-F-COORDINATE-GRAPH-FIGURE-FAMILY-TI-GRID,MINOR,coordinate_graph,grid,figure_renderer,TiSumDiffDecompose,1,1
GF-F-COORDINATE-GRAPH-FIGURE-FAMILY-TI-ORIGIN,MAJOR,coordinate_graph,origin,figure_renderer,TiSumDiffDecompose,1,1
GF-F-COORDINATE-GRAPH-FIGURE-FAMILY-TI-TICKS,MAJOR,coordinate_graph,ticks,figure_renderer,TiSumDiffDecompose,1,1
GF-F-COORDINATE-GRAPH-FIGURE-FAMILY-TM8-GRID,MINOR,coordinate_graph,grid,figure_renderer,Tm8ReflectRule,1,2
GF-F-COORDINATE-GRAPH-FIGURE-FAMILY-TM8-ORIGIN,MAJOR,coordinate_graph,origin,figure_renderer,Tm8ReflectRule,1,2
GF-F-COORDINATE-GRAPH-FIGURE-FAMILY-TM8-TICKS,MAJOR,coordinate_graph,ticks,figure_renderer,Tm8ReflectRule,1,2
GF-F-COORDINATE-GRAPH-FIGURE-FAMILY-UNIT-GRID,MINOR,coordinate_graph,grid,figure_renderer,UnitCircleReference,1,0
GF-F-COORDINATE-GRAPH-FIGURE-FAMILY-UNIT-ORIGIN,MAJOR,coordinate_graph,origin,figure_renderer,UnitCircleReference,1,0
GF-F-COORDINATE-GRAPH-FIGURE-FAMILY-UNIT-TICKS,MAJOR,coordinate_graph,ticks,figure_renderer,UnitCircleReference,1,0
GF-F-COORDINATE-GRAPH-FIGURE-FAMILY-VEC-GRID,MINOR,coordinate_graph,grid,figure_renderer,VecDirectionAngle,4,5
GF-F-COORDINATE-GRAPH-FIGURE-FAMILY-VEC-ORIGIN,MAJOR,coordinate_graph,origin,figure_renderer,VecDirectionAngle,4,4
GF-F-COORDINATE-GRAPH-FIGURE-FAMILY-VEC-TICKS,MAJOR,coordinate_graph,ticks,figure_renderer,VecDirectionAngle,5,6
GF-F-DOT-PLOT-FIGURE-FAMILY-DISTRIBUTION-TICKS,MAJOR,dot_plot,ticks,figure_renderer,DistributionStory,1,3
GF-F-DOT-PLOT-FIGURE-FAMILY-DM-TICKS,MAJOR,dot_plot,ticks,figure_renderer,DmShapeOutlier,1,1
GF-F-DOT-PLOT-FIGURE-FAMILY-DOT-TICKS,MAJOR,dot_plot,ticks,figure_renderer,DotPlotPets,1,2
GF-F-DOT-PLOT-FIGURE-FAMILY-G2G-TICKS,MAJOR,dot_plot,ticks,figure_renderer,G2gDisplayChoice,1,1
GF-F-DOT-PLOT-FIGURE-FAMILY-MMT-TICKS,MAJOR,dot_plot,ticks,figure_renderer,MmtCompareGraphs,1,1
GF-F-DOT-PLOT-FIGURE-FAMILY-SP7-TICKS,MAJOR,dot_plot,ticks,figure_renderer,Sp7DotplotOverlap,1,0
GF-F-DOT-PLOT-FIGURE-FAMILY-VM-TICKS,MAJOR,dot_plot,ticks,figure_renderer,VmLinePlotRead,2,15
GF-F-HISTOGRAM-FIGURE-FAMILY-HISTOGRAM-ORIGIN,MAJOR,histogram,origin,figure_renderer,HistogramScores,1,2
GF-F-LINE-GRAPH-FIGURE-FAMILY-FG-TICKS,MAJOR,line_graph,ticks,figure_renderer,FgManyForms,1,2
GF-F-NUMBER-LINE-FIGURE-FAMILY-AS-TICKS,MAJOR,number_line,ticks,figure_renderer,AsHopsAdd,3,6
GF-F-NUMBER-LINE-FIGURE-FAMILY-BIGGER-TICKS,MAJOR,number_line,ticks,figure_renderer,BiggerFirst,1,4
GF-F-NUMBER-LINE-FIGURE-FAMILY-C120-TICKS,MAJOR,number_line,ticks,figure_renderer,C120SkipFrom7,1,1
GF-F-NUMBER-LINE-FIGURE-FAMILY-COUNT-TICKS,MAJOR,number_line,ticks,figure_renderer,CountOnSmall,1,4
GF-F-NUMBER-LINE-FIGURE-FAMILY-DD-TICKS,MAJOR,number_line,ticks,figure_renderer,DdMadDistances,1,1
GF-F-NUMBER-LINE-FIGURE-FAMILY-DM-TICKS,MAJOR,number_line,ticks,figure_renderer,DmCorrelationScale,1,1
GF-F-NUMBER-LINE-FIGURE-FAMILY-DOUBLE-TICKS,MAJOR,number_line,ticks,figure_renderer,DoubleNumberLine,1,2
GF-F-NUMBER-LINE-FIGURE-FAMILY-DPV-TICKS,MAJOR,number_line,ticks,figure_renderer,DpvTenthsNumberLine,2,8
GF-F-NUMBER-LINE-FIGURE-FAMILY-ESTIMATE-TICKS,MAJOR,number_line,ticks,figure_renderer,EstimateActual,1,1
GF-F-NUMBER-LINE-FIGURE-FAMILY-FRAC-TICKS,MAJOR,number_line,ticks,figure_renderer,FracNumlineFourths,5,18
GF-F-NUMBER-LINE-FIGURE-FAMILY-G2L-LABELS,MINOR,number_line,labels,figure_renderer,G2Add33Plus20Candidates,6,5
GF-F-NUMBER-LINE-FIGURE-FAMILY-G2L-TICKS,MAJOR,number_line,ticks,figure_renderer,G2Add33Plus20Candidates,9,8
GF-F-NUMBER-LINE-FIGURE-FAMILY-KC-TICKS,MAJOR,number_line,ticks,figure_renderer,KcTenHopsTo100,1,13
GF-F-NUMBER-LINE-FIGURE-FAMILY-MB-TICKS,MAJOR,number_line,ticks,figure_renderer,MbMultiples,1,2
GF-F-NUMBER-LINE-FIGURE-FAMILY-MD3-TICKS,MAJOR,number_line,ticks,figure_renderer,Md3Elapsed,1,2
GF-F-NUMBER-LINE-FIGURE-FAMILY-MEAN-TICKS,MAJOR,number_line,ticks,figure_renderer,MeanOutlierPull,1,2
GF-F-NUMBER-LINE-FIGURE-FAMILY-NUMBER-LABELS,MINOR,number_line,labels,figure_renderer,NumberLineJumps7x5,1,1
GF-F-NUMBER-LINE-FIGURE-FAMILY-NUMBER-TICKS,MAJOR,number_line,ticks,figure_renderer,NumberLineJumps,3,13
GF-F-NUMBER-LINE-FIGURE-FAMILY-PR7-TICKS,MAJOR,number_line,ticks,figure_renderer,Pr7PercentError,1,1
GF-F-NUMBER-LINE-FIGURE-FAMILY-PRA-TICKS,MAJOR,number_line,ticks,figure_renderer,PraSignchartIntro,1,1
GF-F-NUMBER-LINE-FIGURE-FAMILY-PROBABILITY-TICKS,MAJOR,number_line,ticks,figure_renderer,ProbabilityLine,1,6
GF-F-NUMBER-LINE-FIGURE-FAMILY-PV3-TICKS,MAJOR,number_line,ticks,figure_renderer,Pv3RoundTen,4,12
GF-F-NUMBER-LINE-FIGURE-FAMILY-PV4-TICKS,MAJOR,number_line,ticks,figure_renderer,Pv4RoundPlace,1,4
GF-F-NUMBER-LINE-FIGURE-FAMILY-RAD-TICKS,MAJOR,number_line,ticks,figure_renderer,RadBetween,1,1
GF-F-NUMBER-LINE-FIGURE-FAMILY-RANGE-TICKS,MAJOR,number_line,ticks,figure_renderer,RangeStretch,1,1
GF-F-NUMBER-LINE-FIGURE-FAMILY-RNO-TICKS,MAJOR,number_line,ticks,figure_renderer,RnoSameSign,3,6
GF-F-NUMBER-LINE-FIGURE-FAMILY-RNO7-TICKS,MAJOR,number_line,ticks,figure_renderer,Rno7AddSameLine,4,4
GF-F-NUMBER-LINE-FIGURE-FAMILY-RNS-TICKS,MAJOR,number_line,ticks,figure_renderer,RnsDensity,1,2
GF-F-NUMBER-LINE-FIGURE-FAMILY-RR-TICKS,MAJOR,number_line,ticks,figure_renderer,RrTools,1,2
GF-F-NUMBER-LINE-FIGURE-FAMILY-SP-TICKS,MAJOR,number_line,ticks,figure_renderer,SpMadRuler,1,2
GF-F-NUMBER-LINE-FIGURE-FAMILY-TI-TICKS,MAJOR,number_line,ticks,figure_renderer,TiTwinLadder,1,1
GF-F-NUMBER-LINE-FIGURE-FAMILY-TSE7-TICKS,MAJOR,number_line,ticks,figure_renderer,Tse7IneqLine,1,0
GF-F-SCATTER-PLOT-FIGURE-FAMILY-BV-GRID,MINOR,scatter_plot,grid,figure_renderer,BvResidualGap,4,7
GF-F-SCATTER-PLOT-FIGURE-FAMILY-BV-ORIGIN,MAJOR,scatter_plot,origin,figure_renderer,BvResidualGap,3,5
GF-F-SCATTER-PLOT-FIGURE-FAMILY-BV-TICKS,MAJOR,scatter_plot,ticks,figure_renderer,BvResidualGap,4,7
GF-F-SCATTER-PLOT-FIGURE-FAMILY-DM-GRID,MINOR,scatter_plot,grid,figure_renderer,DmResidualGapIntro,1,1
GF-F-SCATTER-PLOT-FIGURE-FAMILY-DM-ORIGIN,MAJOR,scatter_plot,origin,figure_renderer,DmResidualGapIntro,1,1
GF-F-SCATTER-PLOT-FIGURE-FAMILY-DM-TICKS,MAJOR,scatter_plot,ticks,figure_renderer,DmResidualGapIntro,1,1
GF-F-SCATTER-PLOT-FIGURE-FAMILY-SCATTER-GRID,MINOR,scatter_plot,grid,figure_renderer,ScatterAssociation,2,6
GF-F-SCATTER-PLOT-FIGURE-FAMILY-SPREAD-GRID,MINOR,scatter_plot,grid,figure_renderer,SpreadCompare,1,2
GF-F-SCATTER-PLOT-FIGURE-FAMILY-SPREAD-ORIGIN,MAJOR,scatter_plot,origin,figure_renderer,SpreadCompare,1,2
GF-F-SCATTER-PLOT-FIGURE-FAMILY-SPREAD-TICKS,MAJOR,scatter_plot,ticks,figure_renderer,SpreadCompare,1,2
GF-W-BAR-CHART-BARBUILDERW-ORIGIN,MAJOR,bar_chart,origin,widget_renderer,BarBuilderW,1,69
GF-W-BAR-CHART-GRAPHREADW-ORIGIN,MAJOR,bar_chart,origin,widget_renderer,GraphReadW,1,34
GF-W-BAR-CHART-SEQUENCEBUILDW-ORIGIN,MAJOR,bar_chart,origin,widget_renderer,SequenceBuildW,1,32
GF-W-BAR-CHART-SEQUENCEBUILDW-TICKS,MAJOR,bar_chart,ticks,widget_renderer,SequenceBuildW,1,32
GF-W-COORDINATE-GRAPH-ACCUMULATEAREAW-ORIGIN,MAJOR,coordinate_graph,origin,widget_renderer,AccumulateAreaW,1,8
GF-W-COORDINATE-GRAPH-ACCUMULATEAREAW-TICKS,MAJOR,coordinate_graph,ticks,widget_renderer,AccumulateAreaW,1,8
GF-W-COORDINATE-GRAPH-AFFINERELATIONSHIPLABW-TICKS,MAJOR,coordinate_graph,ticks,widget_renderer,AffineRelationshipLabW,1,57
GF-W-COORDINATE-GRAPH-CONICLOCUSLABW-TICKS,MAJOR,coordinate_graph,ticks,widget_renderer,ConicLocusLabW,1,6
GF-W-COORDINATE-GRAPH-COORDINATEPROOFLABW-ORIGIN,MAJOR,coordinate_graph,origin,widget_renderer,CoordinateProofLabW,1,5
GF-W-COORDINATE-GRAPH-COORDINATEPROOFLABW-TICKS,MAJOR,coordinate_graph,ticks,widget_renderer,CoordinateProofLabW,1,5
GF-W-COORDINATE-GRAPH-COVARIATIONSCRUBBERW-ORIGIN,MAJOR,coordinate_graph,origin,widget_renderer,CovariationScrubberW,1,4
GF-W-COORDINATE-GRAPH-COVARIATIONSCRUBBERW-TICKS,MAJOR,coordinate_graph,ticks,widget_renderer,CovariationScrubberW,1,4
GF-W-COORDINATE-GRAPH-DERIVATIVERULELABW-GRID,MINOR,coordinate_graph,grid,widget_renderer,DerivativeRuleLabW,1,4
GF-W-COORDINATE-GRAPH-DERIVATIVERULELABW-ORIGIN,MAJOR,coordinate_graph,origin,widget_renderer,DerivativeRuleLabW,1,4
GF-W-COORDINATE-GRAPH-DERIVATIVERULELABW-TICKS,MAJOR,coordinate_graph,ticks,widget_renderer,DerivativeRuleLabW,1,4
GF-W-COORDINATE-GRAPH-DILATIONEXPLOREW-TICKS,MAJOR,coordinate_graph,ticks,widget_renderer,DilationExploreW,1,19
GF-W-COORDINATE-GRAPH-DISTANCEGRIDW-ORIGIN,MAJOR,coordinate_graph,origin,widget_renderer,DistanceGridW,1,12
GF-W-COORDINATE-GRAPH-DISTANCEGRIDW-TICKS,MAJOR,coordinate_graph,ticks,widget_renderer,DistanceGridW,1,12
GF-W-COORDINATE-GRAPH-EXPLOGEXPLOREW-TICKS,MAJOR,coordinate_graph,ticks,widget_renderer,ExpLogExploreW,1,30
GF-W-COORDINATE-GRAPH-EXTRANEOUSROOTLABW-ORIGIN,MAJOR,coordinate_graph,origin,widget_renderer,ExtraneousRootLabW,1,2
GF-W-COORDINATE-GRAPH-EXTRANEOUSROOTLABW-TICKS,MAJOR,coordinate_graph,ticks,widget_renderer,ExtraneousRootLabW,1,2
GF-W-COORDINATE-GRAPH-GEOMETRICCONSTRAINTLABW-ORIGIN,MAJOR,coordinate_graph,origin,widget_renderer,GeometricConstraintLabW,1,66
GF-W-COORDINATE-GRAPH-GEOMETRICCONSTRAINTLABW-TICKS,MAJOR,coordinate_graph,ticks,widget_renderer,GeometricConstraintLabW,1,66
GF-W-COORDINATE-GRAPH-GRAPHZOOMW-ORIGIN,MAJOR,coordinate_graph,origin,widget_renderer,GraphZoomW,1,19
GF-W-COORDINATE-GRAPH-GRAPHZOOMW-TICKS,MAJOR,coordinate_graph,ticks,widget_renderer,GraphZoomW,1,19
GF-W-COORDINATE-GRAPH-LINERELATIONLABW-TICKS,MAJOR,coordinate_graph,ticks,widget_renderer,LineRelationLabW,1,5
GF-W-COORDINATE-GRAPH-MATRIXTRANSFORMW-ORIGIN,MAJOR,coordinate_graph,origin,widget_renderer,MatrixTransformW,1,4
GF-W-COORDINATE-GRAPH-MATRIXTRANSFORMW-TICKS,MAJOR,coordinate_graph,ticks,widget_renderer,MatrixTransformW,1,4
GF-W-COORDINATE-GRAPH-PARAMETRICTRACEW-TICKS,MAJOR,coordinate_graph,ticks,widget_renderer,ParametricTraceW,1,2
GF-W-COORDINATE-GRAPH-POLARTRACEW-ORIGIN,MAJOR,coordinate_graph,origin,widget_renderer,PolarTraceW,1,4
GF-W-COORDINATE-GRAPH-POLARTRACEW-TICKS,MAJOR,coordinate_graph,ticks,widget_renderer,PolarTraceW,1,4
GF-W-COORDINATE-GRAPH-PROPORTIONALREASONINGLABW-GRID,MINOR,coordinate_graph,grid,widget_renderer,ProportionalReasoningLabW,1,49
GF-W-COORDINATE-GRAPH-PROPORTIONALREASONINGLABW-ORIGIN,MAJOR,coordinate_graph,origin,widget_renderer,ProportionalReasoningLabW,1,49
GF-W-COORDINATE-GRAPH-PROPORTIONALREASONINGLABW-TICKS,MAJOR,coordinate_graph,ticks,widget_renderer,ProportionalReasoningLabW,1,49
GF-W-COORDINATE-GRAPH-QUADDRAGW-ORIGIN,MAJOR,coordinate_graph,origin,widget_renderer,QuadDragW,1,7
GF-W-COORDINATE-GRAPH-RELATEDRATESLABW-ORIGIN,MAJOR,coordinate_graph,origin,widget_renderer,RelatedRatesLabW,1,6
GF-W-COORDINATE-GRAPH-RELATEDRATESLABW-TICKS,MAJOR,coordinate_graph,ticks,widget_renderer,RelatedRatesLabW,1,6
GF-W-COORDINATE-GRAPH-RIEMANNSUMW-ORIGIN,MAJOR,coordinate_graph,origin,widget_renderer,RiemannSumW,1,4
GF-W-COORDINATE-GRAPH-RIEMANNSUMW-TICKS,MAJOR,coordinate_graph,ticks,widget_renderer,RiemannSumW,1,4
GF-W-COORDINATE-GRAPH-ROTATIONLABW-GRID,MINOR,coordinate_graph,grid,widget_renderer,RotationLabW,1,4
GF-W-COORDINATE-GRAPH-ROTATIONLABW-ORIGIN,MAJOR,coordinate_graph,origin,widget_renderer,RotationLabW,1,4
GF-W-COORDINATE-GRAPH-ROTATIONLABW-TICKS,MAJOR,coordinate_graph,ticks,widget_renderer,RotationLabW,1,4
GF-W-COORDINATE-GRAPH-SCALEDCIRCLELABW-ORIGIN,MAJOR,coordinate_graph,origin,widget_renderer,ScaledCircleLabW,1,6
GF-W-COORDINATE-GRAPH-SCALEDCIRCLELABW-TICKS,MAJOR,coordinate_graph,ticks,widget_renderer,ScaledCircleLabW,1,6
GF-W-COORDINATE-GRAPH-SECANTSLOPEW-ORIGIN,MAJOR,coordinate_graph,origin,widget_renderer,SecantSlopeW,1,11
GF-W-COORDINATE-GRAPH-SECANTSLOPEW-TICKS,MAJOR,coordinate_graph,ticks,widget_renderer,SecantSlopeW,1,11
GF-W-COORDINATE-GRAPH-SLICESUMW-ORIGIN,MAJOR,coordinate_graph,origin,widget_renderer,SliceSumW,1,5
GF-W-COORDINATE-GRAPH-SLICESUMW-TICKS,MAJOR,coordinate_graph,ticks,widget_renderer,SliceSumW,1,5
GF-W-COORDINATE-GRAPH-SYSTEMSEXPLOREW-TICKS,MAJOR,coordinate_graph,ticks,widget_renderer,SystemsExploreW,1,7
GF-W-COORDINATE-GRAPH-TAYLORAPPROXW-ORIGIN,MAJOR,coordinate_graph,origin,widget_renderer,TaylorApproxW,1,4
GF-W-COORDINATE-GRAPH-TAYLORAPPROXW-TICKS,MAJOR,coordinate_graph,ticks,widget_renderer,TaylorApproxW,1,4
GF-W-COORDINATE-GRAPH-TRANSFORMEXPLOREW-ORIGIN,MAJOR,coordinate_graph,origin,widget_renderer,TransformExploreW,1,11
GF-W-COORDINATE-GRAPH-UNITCIRCLEEXPLOREW-TICKS,MAJOR,coordinate_graph,ticks,widget_renderer,UnitCircleExploreW,1,43
GF-W-COORDINATE-GRAPH-VECTOREXPLOREW-ORIGIN,MAJOR,coordinate_graph,origin,widget_renderer,VectorExploreW,1,11
GF-W-COORDINATE-GRAPH-VECTOREXPLOREW-TICKS,MAJOR,coordinate_graph,ticks,widget_renderer,VectorExploreW,1,11
GF-W-COORDINATE-GRAPH-VERTICALLINESCANNERW-ORIGIN,MAJOR,coordinate_graph,origin,widget_renderer,VerticalLineScannerW,1,3
GF-W-COORDINATE-GRAPH-VERTICALLINESCANNERW-TICKS,MAJOR,coordinate_graph,ticks,widget_renderer,VerticalLineScannerW,1,3
GF-W-DOT-PLOT-SAMPLESIMW-TICKS,MAJOR,dot_plot,ticks,widget_renderer,SampleSimW,1,5
GF-W-DOT-PLOT-SHUFFLETESTW-TICKS,MAJOR,dot_plot,ticks,widget_renderer,ShuffleTestW,1,2
GF-W-LINE-GRAPH-DERIVATIVETRACEW-TICKS,MAJOR,line_graph,ticks,widget_renderer,DerivativeTraceW,1,21
GF-W-LINE-GRAPH-GRAPHSTORYLABW-TICKS,MAJOR,line_graph,ticks,widget_renderer,GraphStoryLabW,1,14
GF-W-NUMBER-LINE-CICAPTUREW-TICKS,MAJOR,number_line,ticks,widget_renderer,CiCaptureW,1,2
GF-W-NUMBER-LINE-ESTIMATESLIDERW-TICKS,MAJOR,number_line,ticks,widget_renderer,EstimateSliderW,1,92
GF-W-NUMBER-LINE-SIGNCHARTW-TICKS,MAJOR,number_line,ticks,widget_renderer,SignChartW,1,29
GF-W-NUMBER-LINE-UNITRULERW-TICKS,MAJOR,number_line,ticks,widget_renderer,UnitRulerW,1,48
