portfolio_id,severity,display_type,rule,target_kind,target_id,renderer,evidence
GF-W-COORDINATE-GRAPH-ACCUMULATEAREAW-TICKS,MAJOR,coordinate_graph,ticks,widget_renderer,accumulateArea,AccumulateAreaW,no statically visible tick construction
GF-W-COORDINATE-GRAPH-ACCUMULATEAREAW-ORIGIN,MAJOR,coordinate_graph,origin,widget_renderer,accumulateArea,AccumulateAreaW,origin/zero not statically visible
GF-W-COORDINATE-GRAPH-AFFINERELATIONSHIPLABW-TICKS,MAJOR,coordinate_graph,ticks,widget_renderer,affineRelationshipLab,AffineRelationshipLabW,no statically visible tick construction
GF-W-BAR-CHART-BARBUILDERW-ORIGIN,MAJOR,bar_chart,origin,widget_renderer,barBuilder,BarBuilderW,origin/zero not statically visible
GF-W-NUMBER-LINE-CICAPTUREW-TICKS,MAJOR,number_line,ticks,widget_renderer,ciCapture,CiCaptureW,no statically visible tick construction
GF-W-COORDINATE-GRAPH-CONICLOCUSLABW-TICKS,MAJOR,coordinate_graph,ticks,widget_renderer,conicLocusLab,ConicLocusLabW,no statically visible tick construction
GF-W-COORDINATE-GRAPH-COORDINATEPROOFLABW-TICKS,MAJOR,coordinate_graph,ticks,widget_renderer,coordinateProofLab,CoordinateProofLabW,no statically visible tick construction
GF-W-COORDINATE-GRAPH-COORDINATEPROOFLABW-ORIGIN,MAJOR,coordinate_graph,origin,widget_renderer,coordinateProofLab,CoordinateProofLabW,origin/zero not statically visible
GF-W-COORDINATE-GRAPH-COVARIATIONSCRUBBERW-TICKS,MAJOR,coordinate_graph,ticks,widget_renderer,covariationScrubber,CovariationScrubberW,no statically visible tick construction
GF-W-COORDINATE-GRAPH-COVARIATIONSCRUBBERW-ORIGIN,MAJOR,coordinate_graph,origin,widget_renderer,covariationScrubber,CovariationScrubberW,origin/zero not statically visible
GF-W-COORDINATE-GRAPH-DERIVATIVERULELABW-TICKS,MAJOR,coordinate_graph,ticks,widget_renderer,derivativeRuleLab,DerivativeRuleLabW,no statically visible tick construction
GF-W-COORDINATE-GRAPH-DERIVATIVERULELABW-GRID,MINOR,coordinate_graph,grid,widget_renderer,derivativeRuleLab,DerivativeRuleLabW,display convention requires grid; none statically visible
GF-W-COORDINATE-GRAPH-DERIVATIVERULELABW-ORIGIN,MAJOR,coordinate_graph,origin,widget_renderer,derivativeRuleLab,DerivativeRuleLabW,origin/zero not statically visible
GF-W-LINE-GRAPH-DERIVATIVETRACEW-TICKS,MAJOR,line_graph,ticks,widget_renderer,derivativeTrace,DerivativeTraceW,no statically visible tick construction
GF-W-COORDINATE-GRAPH-DILATIONEXPLOREW-TICKS,MAJOR,coordinate_graph,ticks,widget_renderer,dilationExplore,DilationExploreW,no statically visible tick construction
GF-W-COORDINATE-GRAPH-DISTANCEGRIDW-TICKS,MAJOR,coordinate_graph,ticks,widget_renderer,distanceGrid,DistanceGridW,no statically visible tick construction
GF-W-COORDINATE-GRAPH-DISTANCEGRIDW-ORIGIN,MAJOR,coordinate_graph,origin,widget_renderer,distanceGrid,DistanceGridW,origin/zero not statically visible
GF-W-BOX-PLOT-DISTRIBUTIONCOMPARELABW-TICKS,MAJOR,box_plot,ticks,widget_renderer,distributionCompareLab,DistributionCompareLabW,no statically visible tick construction
GF-W-NUMBER-LINE-ESTIMATESLIDERW-TICKS,MAJOR,number_line,ticks,widget_renderer,estimateSlider,EstimateSliderW,no statically visible tick construction
GF-W-COORDINATE-GRAPH-EXPLOGEXPLOREW-TICKS,MAJOR,coordinate_graph,ticks,widget_renderer,expLogExplore,ExpLogExploreW,no statically visible tick construction
GF-W-COORDINATE-GRAPH-EXTRANEOUSROOTLABW-TICKS,MAJOR,coordinate_graph,ticks,widget_renderer,extraneousRootLab,ExtraneousRootLabW,no statically visible tick construction
GF-W-COORDINATE-GRAPH-EXTRANEOUSROOTLABW-ORIGIN,MAJOR,coordinate_graph,origin,widget_renderer,extraneousRootLab,ExtraneousRootLabW,origin/zero not statically visible
GF-W-COORDINATE-GRAPH-GEOMETRICCONSTRAINTLABW-TICKS,MAJOR,coordinate_graph,ticks,widget_renderer,geometricConstraintLab,GeometricConstraintLabW,no statically visible tick construction
GF-W-COORDINATE-GRAPH-GEOMETRICCONSTRAINTLABW-ORIGIN,MAJOR,coordinate_graph,origin,widget_renderer,geometricConstraintLab,GeometricConstraintLabW,origin/zero not statically visible
GF-W-BAR-CHART-GRAPHREADW-ORIGIN,MAJOR,bar_chart,origin,widget_renderer,graphRead,GraphReadW,origin/zero not statically visible
GF-W-LINE-GRAPH-GRAPHSTORYLABW-TICKS,MAJOR,line_graph,ticks,widget_renderer,graphStoryLab,GraphStoryLabW,no statically visible tick construction
GF-W-COORDINATE-GRAPH-GRAPHZOOMW-TICKS,MAJOR,coordinate_graph,ticks,widget_renderer,graphZoom,GraphZoomW,no statically visible tick construction
GF-W-COORDINATE-GRAPH-GRAPHZOOMW-ORIGIN,MAJOR,coordinate_graph,origin,widget_renderer,graphZoom,GraphZoomW,origin/zero not statically visible
GF-W-COORDINATE-GRAPH-LINERELATIONLABW-TICKS,MAJOR,coordinate_graph,ticks,widget_renderer,lineRelationLab,LineRelationLabW,no statically visible tick construction
GF-W-COORDINATE-GRAPH-MATRIXTRANSFORMW-TICKS,MAJOR,coordinate_graph,ticks,widget_renderer,matrixTransform,MatrixTransformW,no statically visible tick construction
GF-W-COORDINATE-GRAPH-MATRIXTRANSFORMW-ORIGIN,MAJOR,coordinate_graph,origin,widget_renderer,matrixTransform,MatrixTransformW,origin/zero not statically visible
GF-W-COORDINATE-GRAPH-PARAMETRICTRACEW-TICKS,MAJOR,coordinate_graph,ticks,widget_renderer,parametricTrace,ParametricTraceW,no statically visible tick construction
GF-W-COORDINATE-GRAPH-POLARTRACEW-TICKS,MAJOR,coordinate_graph,ticks,widget_renderer,polarTrace,PolarTraceW,no statically visible tick construction
GF-W-COORDINATE-GRAPH-POLARTRACEW-ORIGIN,MAJOR,coordinate_graph,origin,widget_renderer,polarTrace,PolarTraceW,origin/zero not statically visible
GF-W-COORDINATE-GRAPH-PROPORTIONALREASONINGLABW-TICKS,MAJOR,coordinate_graph,ticks,widget_renderer,proportionalReasoningLab,ProportionalReasoningLabW,no statically visible tick construction
GF-W-COORDINATE-GRAPH-PROPORTIONALREASONINGLABW-GRID,MINOR,coordinate_graph,grid,widget_renderer,proportionalReasoningLab,ProportionalReasoningLabW,display convention requires grid; none statically visible
GF-W-COORDINATE-GRAPH-PROPORTIONALREASONINGLABW-ORIGIN,MAJOR,coordinate_graph,origin,widget_renderer,proportionalReasoningLab,ProportionalReasoningLabW,origin/zero not statically visible
GF-W-COORDINATE-GRAPH-QUADDRAGW-ORIGIN,MAJOR,coordinate_graph,origin,widget_renderer,quadDrag,QuadDragW,origin/zero not statically visible
GF-W-COORDINATE-GRAPH-RELATEDRATESLABW-TICKS,MAJOR,coordinate_graph,ticks,widget_renderer,relatedRatesLab,RelatedRatesLabW,no statically visible tick construction
GF-W-COORDINATE-GRAPH-RELATEDRATESLABW-ORIGIN,MAJOR,coordinate_graph,origin,widget_renderer,relatedRatesLab,RelatedRatesLabW,origin/zero not statically visible
GF-W-COORDINATE-GRAPH-RIEMANNSUMW-TICKS,MAJOR,coordinate_graph,ticks,widget_renderer,riemannSum,RiemannSumW,no statically visible tick construction
GF-W-COORDINATE-GRAPH-RIEMANNSUMW-ORIGIN,MAJOR,coordinate_graph,origin,widget_renderer,riemannSum,RiemannSumW,origin/zero not statically visible
GF-W-COORDINATE-GRAPH-ROTATIONLABW-TICKS,MAJOR,coordinate_graph,ticks,widget_renderer,rotationLab,RotationLabW,no statically visible tick construction
GF-W-COORDINATE-GRAPH-ROTATIONLABW-GRID,MINOR,coordinate_graph,grid,widget_renderer,rotationLab,RotationLabW,display convention requires grid; none statically visible
GF-W-COORDINATE-GRAPH-ROTATIONLABW-ORIGIN,MAJOR,coordinate_graph,origin,widget_renderer,rotationLab,RotationLabW,origin/zero not statically visible
GF-W-DOT-PLOT-SAMPLESIMW-TICKS,MAJOR,dot_plot,ticks,widget_renderer,sampleSim,SampleSimW,no statically visible tick construction
GF-W-COORDINATE-GRAPH-SCALEDCIRCLELABW-TICKS,MAJOR,coordinate_graph,ticks,widget_renderer,scaledCircleLab,ScaledCircleLabW,no statically visible tick construction
GF-W-COORDINATE-GRAPH-SCALEDCIRCLELABW-ORIGIN,MAJOR,coordinate_graph,origin,widget_renderer,scaledCircleLab,ScaledCircleLabW,origin/zero not statically visible
GF-W-COORDINATE-GRAPH-SECANTSLOPEW-TICKS,MAJOR,coordinate_graph,ticks,widget_renderer,secantSlope,SecantSlopeW,no statically visible tick construction
GF-W-COORDINATE-GRAPH-SECANTSLOPEW-ORIGIN,MAJOR,coordinate_graph,origin,widget_renderer,secantSlope,SecantSlopeW,origin/zero not statically visible
GF-W-BAR-CHART-SEQUENCEBUILDW-TICKS,MAJOR,bar_chart,ticks,widget_renderer,sequenceBuild,SequenceBuildW,no statically visible tick construction
GF-W-BAR-CHART-SEQUENCEBUILDW-ORIGIN,MAJOR,bar_chart,origin,widget_renderer,sequenceBuild,SequenceBuildW,origin/zero not statically visible
GF-W-DOT-PLOT-SHUFFLETESTW-TICKS,MAJOR,dot_plot,ticks,widget_renderer,shuffleTest,ShuffleTestW,no statically visible tick construction
GF-W-NUMBER-LINE-SIGNCHARTW-TICKS,MAJOR,number_line,ticks,widget_renderer,signChart,SignChartW,no statically visible tick construction
GF-W-COORDINATE-GRAPH-SLICESUMW-TICKS,MAJOR,coordinate_graph,ticks,widget_renderer,sliceSum,SliceSumW,no statically visible tick construction
GF-W-COORDINATE-GRAPH-SLICESUMW-ORIGIN,MAJOR,coordinate_graph,origin,widget_renderer,sliceSum,SliceSumW,origin/zero not statically visible
GF-W-COORDINATE-GRAPH-SYSTEMSEXPLOREW-TICKS,MAJOR,coordinate_graph,ticks,widget_renderer,systemsExplore,SystemsExploreW,no statically visible tick construction
GF-W-COORDINATE-GRAPH-TAYLORAPPROXW-TICKS,MAJOR,coordinate_graph,ticks,widget_renderer,taylorApprox,TaylorApproxW,no statically visible tick construction
GF-W-COORDINATE-GRAPH-TAYLORAPPROXW-ORIGIN,MAJOR,coordinate_graph,origin,widget_renderer,taylorApprox,TaylorApproxW,origin/zero not statically visible
GF-W-COORDINATE-GRAPH-TRANSFORMEXPLOREW-ORIGIN,MAJOR,coordinate_graph,origin,widget_renderer,transformExplore,TransformExploreW,origin/zero not statically visible
GF-W-COORDINATE-GRAPH-UNITCIRCLEEXPLOREW-TICKS,MAJOR,coordinate_graph,ticks,widget_renderer,unitCircleExplore,UnitCircleExploreW,no statically visible tick construction
GF-W-NUMBER-LINE-UNITRULERW-TICKS,MAJOR,number_line,ticks,widget_renderer,unitRuler,UnitRulerW,no statically visible tick construction
GF-W-COORDINATE-GRAPH-VECTOREXPLOREW-TICKS,MAJOR,coordinate_graph,ticks,widget_renderer,vectorExplore,VectorExploreW,no statically visible tick construction
GF-W-COORDINATE-GRAPH-VECTOREXPLOREW-ORIGIN,MAJOR,coordinate_graph,origin,widget_renderer,vectorExplore,VectorExploreW,origin/zero not statically visible
GF-W-COORDINATE-GRAPH-VERTICALLINESCANNERW-TICKS,MAJOR,coordinate_graph,ticks,widget_renderer,verticalLineScanner,VerticalLineScannerW,no statically visible tick construction
GF-W-COORDINATE-GRAPH-VERTICALLINESCANNERW-ORIGIN,MAJOR,coordinate_graph,origin,widget_renderer,verticalLineScanner,VerticalLineScannerW,origin/zero not statically visible
GF-F-COORDINATE-GRAPH-FIGURE-FAMILY-IA-TICKS,MAJOR,coordinate_graph,ticks,figure_renderer,ia-strip-to-disc,IaStripToDisc,no statically visible tick construction
GF-F-COORDINATE-GRAPH-FIGURE-FAMILY-IA-GRID,MINOR,coordinate_graph,grid,figure_renderer,ia-strip-to-disc,IaStripToDisc,display convention requires grid; none statically visible
GF-F-COORDINATE-GRAPH-FIGURE-FAMILY-IA-ORIGIN,MAJOR,coordinate_graph,origin,figure_renderer,ia-strip-to-disc,IaStripToDisc,origin/zero not statically visible
GF-F-COORDINATE-GRAPH-FIGURE-FAMILY-DE-TICKS,MAJOR,coordinate_graph,ticks,figure_renderer,de-slope-field-threads,DeSlopeFieldThreads,no statically visible tick construction
GF-F-COORDINATE-GRAPH-FIGURE-FAMILY-DE-GRID,MINOR,coordinate_graph,grid,figure_renderer,de-slope-field-threads,DeSlopeFieldThreads,display convention requires grid; none statically visible
GF-F-COORDINATE-GRAPH-FIGURE-FAMILY-DE-ORIGIN,MAJOR,coordinate_graph,origin,figure_renderer,de-slope-field-threads,DeSlopeFieldThreads,origin/zero not statically visible
GF-F-COORDINATE-GRAPH-FIGURE-FAMILY-DR-TICKS,MAJOR,coordinate_graph,ticks,figure_renderer,dr-corner-no-tangent,DrCornerNoTangent,no statically visible tick construction
GF-F-COORDINATE-GRAPH-FIGURE-FAMILY-DR-GRID,MINOR,coordinate_graph,grid,figure_renderer,dr-corner-no-tangent,DrCornerNoTangent,display convention requires grid; none statically visible
GF-F-COORDINATE-GRAPH-FIGURE-FAMILY-DR-ORIGIN,MAJOR,coordinate_graph,origin,figure_renderer,dr-corner-no-tangent,DrCornerNoTangent,origin/zero not statically visible
GF-F-COORDINATE-GRAPH-FIGURE-FAMILY-FNA-TICKS,MAJOR,coordinate_graph,ticks,figure_renderer,fna-even-symmetry,FnaEvenSymmetry,no statically visible tick construction
GF-F-COORDINATE-GRAPH-FIGURE-FAMILY-FNA-GRID,MINOR,coordinate_graph,grid,figure_renderer,fna-even-symmetry,FnaEvenSymmetry,display convention requires grid; none statically visible
GF-F-COORDINATE-GRAPH-FIGURE-FAMILY-FNA-ORIGIN,MAJOR,coordinate_graph,origin,figure_renderer,fna-even-symmetry,FnaEvenSymmetry,origin/zero not statically visible
GF-F-COORDINATE-GRAPH-FIGURE-FAMILY-VEC-TICKS,MAJOR,coordinate_graph,ticks,figure_renderer,vec-direction-angle,VecDirectionAngle,no statically visible tick construction
GF-F-COORDINATE-GRAPH-FIGURE-FAMILY-VEC-GRID,MINOR,coordinate_graph,grid,figure_renderer,vec-direction-angle,VecDirectionAngle,display convention requires grid; none statically visible
GF-F-COORDINATE-GRAPH-FIGURE-FAMILY-VEC-ORIGIN,MAJOR,coordinate_graph,origin,figure_renderer,vec-direction-angle,VecDirectionAngle,origin/zero not statically visible
GF-F-COORDINATE-GRAPH-FIGURE-FAMILY-PRA-TICKS,MAJOR,coordinate_graph,ticks,figure_renderer,pra-fewer-real,PraFewerReal,no statically visible tick construction
GF-F-COORDINATE-GRAPH-FIGURE-FAMILY-PRA-GRID,MINOR,coordinate_graph,grid,figure_renderer,pra-fewer-real,PraFewerReal,display convention requires grid; none statically visible
GF-F-COORDINATE-GRAPH-FIGURE-FAMILY-PRA-ORIGIN,MAJOR,coordinate_graph,origin,figure_renderer,pra-fewer-real,PraFewerReal,origin/zero not statically visible
GF-F-COORDINATE-GRAPH-FIGURE-FAMILY-PRA-TICKS,MAJOR,coordinate_graph,ticks,figure_renderer,pra-conjugate-pairs,PraConjugatePairs,no statically visible tick construction
GF-F-COORDINATE-GRAPH-FIGURE-FAMILY-PRA-GRID,MINOR,coordinate_graph,grid,figure_renderer,pra-conjugate-pairs,PraConjugatePairs,display convention requires grid; none statically visible
GF-F-COORDINATE-GRAPH-FIGURE-FAMILY-PRA-ORIGIN,MAJOR,coordinate_graph,origin,figure_renderer,pra-conjugate-pairs,PraConjugatePairs,origin/zero not statically visible
GF-F-COORDINATE-GRAPH-FIGURE-FAMILY-LC-TICKS,MAJOR,coordinate_graph,ticks,figure_renderer,lc-jump-onesided,LcJumpOnesided,no statically visible tick construction
GF-F-COORDINATE-GRAPH-FIGURE-FAMILY-LC-GRID,MINOR,coordinate_graph,grid,figure_renderer,lc-jump-onesided,LcJumpOnesided,display convention requires grid; none statically visible
GF-F-COORDINATE-GRAPH-FIGURE-FAMILY-LC-ORIGIN,MAJOR,coordinate_graph,origin,figure_renderer,lc-jump-onesided,LcJumpOnesided,origin/zero not statically visible
GF-F-COORDINATE-GRAPH-FIGURE-FAMILY-CO-TICKS,MAJOR,coordinate_graph,ticks,figure_renderer,co-hyperbola-foci,CoHyperbolaFoci,no statically visible tick construction
GF-F-COORDINATE-GRAPH-FIGURE-FAMILY-CO-GRID,MINOR,coordinate_graph,grid,figure_renderer,co-hyperbola-foci,CoHyperbolaFoci,display convention requires grid; none statically visible
GF-F-COORDINATE-GRAPH-FIGURE-FAMILY-CO-ORIGIN,MAJOR,coordinate_graph,origin,figure_renderer,co-hyperbola-foci,CoHyperbolaFoci,origin/zero not statically visible
GF-F-COORDINATE-GRAPH-FIGURE-FAMILY-PP-TICKS,MAJOR,coordinate_graph,ticks,figure_renderer,pp-not-unique,PpNotUnique,no statically visible tick construction
GF-F-COORDINATE-GRAPH-FIGURE-FAMILY-PP-GRID,MINOR,coordinate_graph,grid,figure_renderer,pp-not-unique,PpNotUnique,display convention requires grid; none statically visible
GF-F-COORDINATE-GRAPH-FIGURE-FAMILY-PP-ORIGIN,MAJOR,coordinate_graph,origin,figure_renderer,pp-not-unique,PpNotUnique,origin/zero not statically visible
GF-F-COORDINATE-GRAPH-FIGURE-FAMILY-PP-TICKS,MAJOR,coordinate_graph,ticks,figure_renderer,pp-circle-cos,PpCircleCos,no statically visible tick construction
GF-F-COORDINATE-GRAPH-FIGURE-FAMILY-PP-GRID,MINOR,coordinate_graph,grid,figure_renderer,pp-circle-cos,PpCircleCos,display convention requires grid; none statically visible
GF-F-COORDINATE-GRAPH-FIGURE-FAMILY-PP-ORIGIN,MAJOR,coordinate_graph,origin,figure_renderer,pp-circle-cos,PpCircleCos,origin/zero not statically visible
GF-F-COORDINATE-GRAPH-FIGURE-FAMILY-TG-TICKS,MAJOR,coordinate_graph,ticks,figure_renderer,tg-read-landmarks,TgReadLandmarks,no statically visible tick construction
GF-F-COORDINATE-GRAPH-FIGURE-FAMILY-TG-GRID,MINOR,coordinate_graph,grid,figure_renderer,tg-read-landmarks,TgReadLandmarks,display convention requires grid; none statically visible
GF-F-COORDINATE-GRAPH-FIGURE-FAMILY-TG-ORIGIN,MAJOR,coordinate_graph,origin,figure_renderer,tg-read-landmarks,TgReadLandmarks,origin/zero not statically visible
GF-F-COORDINATE-GRAPH-FIGURE-FAMILY-TG-TICKS,MAJOR,coordinate_graph,ticks,figure_renderer,tg-naming-convenience,TgNamingConvenience,no statically visible tick construction
GF-F-COORDINATE-GRAPH-FIGURE-FAMILY-TG-GRID,MINOR,coordinate_graph,grid,figure_renderer,tg-naming-convenience,TgNamingConvenience,display convention requires grid; none statically visible
GF-F-COORDINATE-GRAPH-FIGURE-FAMILY-TG-TICKS,MAJOR,coordinate_graph,ticks,figure_renderer,tg-reflect-yx,TgReflectYX,no statically visible tick construction
GF-F-COORDINATE-GRAPH-FIGURE-FAMILY-TG-GRID,MINOR,coordinate_graph,grid,figure_renderer,tg-reflect-yx,TgReflectYX,display convention requires grid; none statically visible
GF-F-COORDINATE-GRAPH-FIGURE-FAMILY-TG-ORIGIN,MAJOR,coordinate_graph,origin,figure_renderer,tg-reflect-yx,TgReflectYX,origin/zero not statically visible
GF-F-COORDINATE-GRAPH-FIGURE-FAMILY-TF-TICKS,MAJOR,coordinate_graph,ticks,figure_renderer,tf-reference-angle,TfReferenceAngle,no statically visible tick construction
GF-F-COORDINATE-GRAPH-FIGURE-FAMILY-TF-GRID,MINOR,coordinate_graph,grid,figure_renderer,tf-reference-angle,TfReferenceAngle,display convention requires grid; none statically visible
GF-F-COORDINATE-GRAPH-FIGURE-FAMILY-TF-ORIGIN,MAJOR,coordinate_graph,origin,figure_renderer,tf-reference-angle,TfReferenceAngle,origin/zero not statically visible
GF-F-COORDINATE-GRAPH-FIGURE-FAMILY-TF-TICKS,MAJOR,coordinate_graph,ticks,figure_renderer,tf-three-rules,TfThreeRules,no statically visible tick construction
GF-F-COORDINATE-GRAPH-FIGURE-FAMILY-TF-GRID,MINOR,coordinate_graph,grid,figure_renderer,tf-three-rules,TfThreeRules,display convention requires grid; none statically visible
GF-F-COORDINATE-GRAPH-FIGURE-FAMILY-TF-ORIGIN,MAJOR,coordinate_graph,origin,figure_renderer,tf-three-rules,TfThreeRules,origin/zero not statically visible
GF-F-COORDINATE-GRAPH-FIGURE-FAMILY-TF-TICKS,MAJOR,coordinate_graph,ticks,figure_renderer,tf-cosine-wave,TfCosineWave,no statically visible tick construction
GF-F-COORDINATE-GRAPH-FIGURE-FAMILY-TF-GRID,MINOR,coordinate_graph,grid,figure_renderer,tf-cosine-wave,TfCosineWave,display convention requires grid; none statically visible
GF-F-COORDINATE-GRAPH-FIGURE-FAMILY-TF-ORIGIN,MAJOR,coordinate_graph,origin,figure_renderer,tf-cosine-wave,TfCosineWave,origin/zero not statically visible
GF-F-COORDINATE-GRAPH-FIGURE-FAMILY-TF-TICKS,MAJOR,coordinate_graph,ticks,figure_renderer,tf-graph-to-rule,TfGraphToRule,no statically visible tick construction
GF-F-COORDINATE-GRAPH-FIGURE-FAMILY-TF-GRID,MINOR,coordinate_graph,grid,figure_renderer,tf-graph-to-rule,TfGraphToRule,display convention requires grid; none statically visible
GF-F-COORDINATE-GRAPH-FIGURE-FAMILY-TF-ORIGIN,MAJOR,coordinate_graph,origin,figure_renderer,tf-graph-to-rule,TfGraphToRule,origin/zero not statically visible
GF-F-COORDINATE-GRAPH-FIGURE-FAMILY-RE-TICKS,MAJOR,coordinate_graph,ticks,figure_renderer,re-transformations,ReTransformations,no statically visible tick construction
GF-F-COORDINATE-GRAPH-FIGURE-FAMILY-RE-GRID,MINOR,coordinate_graph,grid,figure_renderer,re-transformations,ReTransformations,display convention requires grid; none statically visible
GF-F-COORDINATE-GRAPH-FIGURE-FAMILY-RE-ORIGIN,MAJOR,coordinate_graph,origin,figure_renderer,re-transformations,ReTransformations,origin/zero not statically visible
GF-F-COORDINATE-GRAPH-FIGURE-FAMILY-RE-TICKS,MAJOR,coordinate_graph,ticks,figure_renderer,re-reflection,ReReflection,no statically visible tick construction
GF-F-COORDINATE-GRAPH-FIGURE-FAMILY-RE-GRID,MINOR,coordinate_graph,grid,figure_renderer,re-reflection,ReReflection,display convention requires grid; none statically visible
GF-F-COORDINATE-GRAPH-FIGURE-FAMILY-RE-ORIGIN,MAJOR,coordinate_graph,origin,figure_renderer,re-reflection,ReReflection,origin/zero not statically visible
GF-F-COORDINATE-GRAPH-FIGURE-FAMILY-RE-TICKS,MAJOR,coordinate_graph,ticks,figure_renderer,re-graph-intersect,ReGraphIntersect,no statically visible tick construction
GF-F-COORDINATE-GRAPH-FIGURE-FAMILY-RE-GRID,MINOR,coordinate_graph,grid,figure_renderer,re-graph-intersect,ReGraphIntersect,display convention requires grid; none statically visible
GF-F-COORDINATE-GRAPH-FIGURE-FAMILY-RE-ORIGIN,MAJOR,coordinate_graph,origin,figure_renderer,re-graph-intersect,ReGraphIntersect,origin/zero not statically visible
GF-F-COORDINATE-GRAPH-FIGURE-FAMILY-CN-TICKS,MAJOR,coordinate_graph,ticks,figure_renderer,cn-complex-plane,CnComplexPlane,no statically visible tick construction
GF-F-COORDINATE-GRAPH-FIGURE-FAMILY-CN-GRID,MINOR,coordinate_graph,grid,figure_renderer,cn-complex-plane,CnComplexPlane,display convention requires grid; none statically visible
GF-F-COORDINATE-GRAPH-FIGURE-FAMILY-CN-ORIGIN,MAJOR,coordinate_graph,origin,figure_renderer,cn-complex-plane,CnComplexPlane,origin/zero not statically visible
GF-F-COORDINATE-GRAPH-FIGURE-FAMILY-CN-TICKS,MAJOR,coordinate_graph,ticks,figure_renderer,cn-conjugate,CnConjugate,no statically visible tick construction
GF-F-COORDINATE-GRAPH-FIGURE-FAMILY-CN-GRID,MINOR,coordinate_graph,grid,figure_renderer,cn-conjugate,CnConjugate,display convention requires grid; none statically visible
GF-F-COORDINATE-GRAPH-FIGURE-FAMILY-CN-ORIGIN,MAJOR,coordinate_graph,origin,figure_renderer,cn-conjugate,CnConjugate,origin/zero not statically visible
GF-F-COORDINATE-GRAPH-FIGURE-FAMILY-CN-TICKS,MAJOR,coordinate_graph,ticks,figure_renderer,cn-conjugate-pairs,CnConjugatePairs,no statically visible tick construction
GF-F-COORDINATE-GRAPH-FIGURE-FAMILY-CN-GRID,MINOR,coordinate_graph,grid,figure_renderer,cn-conjugate-pairs,CnConjugatePairs,display convention requires grid; none statically visible
GF-F-COORDINATE-GRAPH-FIGURE-FAMILY-CN-ORIGIN,MAJOR,coordinate_graph,origin,figure_renderer,cn-conjugate-pairs,CnConjugatePairs,origin/zero not statically visible
GF-F-COORDINATE-GRAPH-FIGURE-FAMILY-PF-TICKS,MAJOR,coordinate_graph,ticks,figure_renderer,pf-degree-zeros,PfDegreeZeros,no statically visible tick construction
GF-F-COORDINATE-GRAPH-FIGURE-FAMILY-PF-GRID,MINOR,coordinate_graph,grid,figure_renderer,pf-degree-zeros,PfDegreeZeros,display convention requires grid; none statically visible
GF-F-COORDINATE-GRAPH-FIGURE-FAMILY-PF-ORIGIN,MAJOR,coordinate_graph,origin,figure_renderer,pf-degree-zeros,PfDegreeZeros,origin/zero not statically visible
GF-F-COORDINATE-GRAPH-FIGURE-FAMILY-PF-TICKS,MAJOR,coordinate_graph,ticks,figure_renderer,pf-zero-def,PfZeroDef,no statically visible tick construction
GF-F-COORDINATE-GRAPH-FIGURE-FAMILY-PF-GRID,MINOR,coordinate_graph,grid,figure_renderer,pf-zero-def,PfZeroDef,display convention requires grid; none statically visible
GF-F-COORDINATE-GRAPH-FIGURE-FAMILY-PF-ORIGIN,MAJOR,coordinate_graph,origin,figure_renderer,pf-zero-def,PfZeroDef,origin/zero not statically visible
GF-F-COORDINATE-GRAPH-FIGURE-FAMILY-PF-TICKS,MAJOR,coordinate_graph,ticks,figure_renderer,pf-bounce,PfBounce,no statically visible tick construction
GF-F-COORDINATE-GRAPH-FIGURE-FAMILY-PF-GRID,MINOR,coordinate_graph,grid,figure_renderer,pf-bounce,PfBounce,display convention requires grid; none statically visible
GF-F-COORDINATE-GRAPH-FIGURE-FAMILY-PF-ORIGIN,MAJOR,coordinate_graph,origin,figure_renderer,pf-bounce,PfBounce,origin/zero not statically visible
GF-F-COORDINATE-GRAPH-FIGURE-FAMILY-PF-TICKS,MAJOR,coordinate_graph,ticks,figure_renderer,pf-turning-point,PfTurningPoint,no statically visible tick construction
GF-F-COORDINATE-GRAPH-FIGURE-FAMILY-PF-GRID,MINOR,coordinate_graph,grid,figure_renderer,pf-turning-point,PfTurningPoint,display convention requires grid; none statically visible
GF-F-COORDINATE-GRAPH-FIGURE-FAMILY-PF-ORIGIN,MAJOR,coordinate_graph,origin,figure_renderer,pf-turning-point,PfTurningPoint,origin/zero not statically visible
GF-F-COORDINATE-GRAPH-FIGURE-FAMILY-PF-TICKS,MAJOR,coordinate_graph,ticks,figure_renderer,pf-parity,PfParity,no statically visible tick construction
GF-F-COORDINATE-GRAPH-FIGURE-FAMILY-PF-GRID,MINOR,coordinate_graph,grid,figure_renderer,pf-parity,PfParity,display convention requires grid; none statically visible
GF-F-COORDINATE-GRAPH-FIGURE-FAMILY-PF-ORIGIN,MAJOR,coordinate_graph,origin,figure_renderer,pf-parity,PfParity,origin/zero not statically visible
GF-F-COORDINATE-GRAPH-FIGURE-FAMILY-CX-TICKS,MAJOR,coordinate_graph,ticks,figure_renderer,cx-similar-walk,CxSimilarWalk,no statically visible tick construction
GF-F-COORDINATE-GRAPH-FIGURE-FAMILY-CX-GRID,MINOR,coordinate_graph,grid,figure_renderer,cx-similar-walk,CxSimilarWalk,display convention requires grid; none statically visible
GF-F-COORDINATE-GRAPH-FIGURE-FAMILY-CX-ORIGIN,MAJOR,coordinate_graph,origin,figure_renderer,cx-similar-walk,CxSimilarWalk,origin/zero not statically visible
GF-F-COORDINATE-GRAPH-FIGURE-FAMILY-CX-TICKS,MAJOR,coordinate_graph,ticks,figure_renderer,cx-quad-vertices,CxQuadVertices,no statically visible tick construction
GF-F-COORDINATE-GRAPH-FIGURE-FAMILY-CX-GRID,MINOR,coordinate_graph,grid,figure_renderer,cx-quad-vertices,CxQuadVertices,display convention requires grid; none statically visible
GF-F-COORDINATE-GRAPH-FIGURE-FAMILY-CX-ORIGIN,MAJOR,coordinate_graph,origin,figure_renderer,cx-quad-vertices,CxQuadVertices,origin/zero not statically visible
GF-F-COORDINATE-GRAPH-FIGURE-FAMILY-CX-TICKS,MAJOR,coordinate_graph,ticks,figure_renderer,cx-variables-general,CxVariablesGeneral,no statically visible tick construction
GF-F-COORDINATE-GRAPH-FIGURE-FAMILY-CX-GRID,MINOR,coordinate_graph,grid,figure_renderer,cx-variables-general,CxVariablesGeneral,display convention requires grid; none statically visible
GF-F-COORDINATE-GRAPH-FIGURE-FAMILY-CX-ORIGIN,MAJOR,coordinate_graph,origin,figure_renderer,cx-variables-general,CxVariablesGeneral,origin/zero not statically visible
GF-F-COORDINATE-GRAPH-FIGURE-FAMILY-CX-TICKS,MAJOR,coordinate_graph,ticks,figure_renderer,cx-shoelace,CxShoelace,no statically visible tick construction
GF-F-COORDINATE-GRAPH-FIGURE-FAMILY-CX-GRID,MINOR,coordinate_graph,grid,figure_renderer,cx-shoelace,CxShoelace,display convention requires grid; none statically visible
GF-F-COORDINATE-GRAPH-FIGURE-FAMILY-CX-ORIGIN,MAJOR,coordinate_graph,origin,figure_renderer,cx-shoelace,CxShoelace,origin/zero not statically visible
GF-F-COORDINATE-GRAPH-FIGURE-FAMILY-GF-TICKS,MAJOR,coordinate_graph,ticks,figure_renderer,gf-reflections-signs,GfReflectionsSigns,no statically visible tick construction
GF-F-COORDINATE-GRAPH-FIGURE-FAMILY-GF-GRID,MINOR,coordinate_graph,grid,figure_renderer,gf-reflections-signs,GfReflectionsSigns,display convention requires grid; none statically visible
GF-F-COORDINATE-GRAPH-FIGURE-FAMILY-GF-ORIGIN,MAJOR,coordinate_graph,origin,figure_renderer,gf-reflections-signs,GfReflectionsSigns,origin/zero not statically visible
GF-F-COORDINATE-GRAPH-FIGURE-FAMILY-GF-TICKS,MAJOR,coordinate_graph,ticks,figure_renderer,gf-reflect-yx,GfReflectYX,no statically visible tick construction
GF-F-COORDINATE-GRAPH-FIGURE-FAMILY-GF-GRID,MINOR,coordinate_graph,grid,figure_renderer,gf-reflect-yx,GfReflectYX,display convention requires grid; none statically visible
GF-F-COORDINATE-GRAPH-FIGURE-FAMILY-GF-ORIGIN,MAJOR,coordinate_graph,origin,figure_renderer,gf-reflect-yx,GfReflectYX,origin/zero not statically visible
GF-F-COORDINATE-GRAPH-FIGURE-FAMILY-GF-TICKS,MAJOR,coordinate_graph,ticks,figure_renderer,gf-rotations-origin,GfRotationsOrigin,no statically visible tick construction
GF-F-COORDINATE-GRAPH-FIGURE-FAMILY-GF-GRID,MINOR,coordinate_graph,grid,figure_renderer,gf-rotations-origin,GfRotationsOrigin,display convention requires grid; none statically visible
GF-F-COORDINATE-GRAPH-FIGURE-FAMILY-GF-TICKS,MAJOR,coordinate_graph,ticks,figure_renderer,gf-identify-motion,GfIdentifyMotion,no statically visible tick construction
GF-F-COORDINATE-GRAPH-FIGURE-FAMILY-GF-GRID,MINOR,coordinate_graph,grid,figure_renderer,gf-identify-motion,GfIdentifyMotion,display convention requires grid; none statically visible
GF-F-COORDINATE-GRAPH-FIGURE-FAMILY-GF-ORIGIN,MAJOR,coordinate_graph,origin,figure_renderer,gf-identify-motion,GfIdentifyMotion,origin/zero not statically visible
GF-F-COORDINATE-GRAPH-FIGURE-FAMILY-GF-TICKS,MAJOR,coordinate_graph,ticks,figure_renderer,gf-sign-fingerprints,GfSignFingerprints,no statically visible tick construction
GF-F-COORDINATE-GRAPH-FIGURE-FAMILY-GF-GRID,MINOR,coordinate_graph,grid,figure_renderer,gf-sign-fingerprints,GfSignFingerprints,display convention requires grid; none statically visible
GF-F-COORDINATE-GRAPH-FIGURE-FAMILY-GF-ORIGIN,MAJOR,coordinate_graph,origin,figure_renderer,gf-sign-fingerprints,GfSignFingerprints,origin/zero not statically visible
GF-F-COORDINATE-GRAPH-FIGURE-FAMILY-FN-TICKS,MAJOR,coordinate_graph,ticks,figure_renderer,fn-vertical-line-test,FnVerticalLineTest,no statically visible tick construction
GF-F-COORDINATE-GRAPH-FIGURE-FAMILY-FN-GRID,MINOR,coordinate_graph,grid,figure_renderer,fn-vertical-line-test,FnVerticalLineTest,display convention requires grid; none statically visible
GF-F-COORDINATE-GRAPH-FIGURE-FAMILY-FN-ORIGIN,MAJOR,coordinate_graph,origin,figure_renderer,fn-vertical-line-test,FnVerticalLineTest,origin/zero not statically visible
GF-F-NUMBER-LINE-FIGURE-FAMILY-RAD-TICKS,MAJOR,number_line,ticks,figure_renderer,rad-between,RadBetween,no statically visible tick construction
GF-F-COORDINATE-GRAPH-FIGURE-FAMILY-RAD-TICKS,MAJOR,coordinate_graph,ticks,figure_renderer,rad-distance-subtract,RadDistanceSubtract,no statically visible tick construction
GF-F-COORDINATE-GRAPH-FIGURE-FAMILY-RAD-GRID,MINOR,coordinate_graph,grid,figure_renderer,rad-distance-subtract,RadDistanceSubtract,display convention requires grid; none statically visible
GF-F-COORDINATE-GRAPH-FIGURE-FAMILY-SE-TICKS,MAJOR,coordinate_graph,ticks,figure_renderer,se-graph-cross,SeGraphCross,no statically visible tick construction
GF-F-COORDINATE-GRAPH-FIGURE-FAMILY-SE-GRID,MINOR,coordinate_graph,grid,figure_renderer,se-graph-cross,SeGraphCross,display convention requires grid; none statically visible
GF-F-COORDINATE-GRAPH-FIGURE-FAMILY-SE-ORIGIN,MAJOR,coordinate_graph,origin,figure_renderer,se-graph-cross,SeGraphCross,origin/zero not statically visible
GF-F-COORDINATE-GRAPH-FIGURE-FAMILY-SE-TICKS,MAJOR,coordinate_graph,ticks,figure_renderer,se-check-crossing,SeCheckCrossing,no statically visible tick construction
GF-F-COORDINATE-GRAPH-FIGURE-FAMILY-SE-GRID,MINOR,coordinate_graph,grid,figure_renderer,se-check-crossing,SeCheckCrossing,display convention requires grid; none statically visible
GF-F-COORDINATE-GRAPH-FIGURE-FAMILY-SE-ORIGIN,MAJOR,coordinate_graph,origin,figure_renderer,se-check-crossing,SeCheckCrossing,origin/zero not statically visible
GF-F-COORDINATE-GRAPH-FIGURE-FAMILY-LF-TICKS,MAJOR,coordinate_graph,ticks,figure_renderer,lf-x-intercept,LfXIntercept,no statically visible tick construction
GF-F-COORDINATE-GRAPH-FIGURE-FAMILY-LF-GRID,MINOR,coordinate_graph,grid,figure_renderer,lf-x-intercept,LfXIntercept,display convention requires grid; none statically visible
GF-F-COORDINATE-GRAPH-FIGURE-FAMILY-LF-ORIGIN,MAJOR,coordinate_graph,origin,figure_renderer,lf-x-intercept,LfXIntercept,origin/zero not statically visible
GF-F-COORDINATE-GRAPH-FIGURE-FAMILY-QU-TICKS,MAJOR,coordinate_graph,ticks,figure_renderer,qu-axis-symmetry,QuAxisSymmetry,no statically visible tick construction
GF-F-COORDINATE-GRAPH-FIGURE-FAMILY-QU-GRID,MINOR,coordinate_graph,grid,figure_renderer,qu-axis-symmetry,QuAxisSymmetry,display convention requires grid; none statically visible
GF-F-COORDINATE-GRAPH-FIGURE-FAMILY-QU-ORIGIN,MAJOR,coordinate_graph,origin,figure_renderer,qu-axis-symmetry,QuAxisSymmetry,origin/zero not statically visible
GF-F-COORDINATE-GRAPH-FIGURE-FAMILY-QU-TICKS,MAJOR,coordinate_graph,ticks,figure_renderer,qu-vertex-standard,QuVertexStandard,no statically visible tick construction
GF-F-COORDINATE-GRAPH-FIGURE-FAMILY-QU-GRID,MINOR,coordinate_graph,grid,figure_renderer,qu-vertex-standard,QuVertexStandard,display convention requires grid; none statically visible
GF-F-COORDINATE-GRAPH-FIGURE-FAMILY-QU-ORIGIN,MAJOR,coordinate_graph,origin,figure_renderer,qu-vertex-standard,QuVertexStandard,origin/zero not statically visible
GF-F-COORDINATE-GRAPH-FIGURE-FAMILY-QU-TICKS,MAJOR,coordinate_graph,ticks,figure_renderer,qu-roots-cross,QuRootsCross,no statically visible tick construction
GF-F-COORDINATE-GRAPH-FIGURE-FAMILY-QU-GRID,MINOR,coordinate_graph,grid,figure_renderer,qu-roots-cross,QuRootsCross,display convention requires grid; none statically visible
GF-F-COORDINATE-GRAPH-FIGURE-FAMILY-QU-ORIGIN,MAJOR,coordinate_graph,origin,figure_renderer,qu-roots-cross,QuRootsCross,origin/zero not statically visible
GF-F-COORDINATE-GRAPH-FIGURE-FAMILY-QU-TICKS,MAJOR,coordinate_graph,ticks,figure_renderer,qu-discriminant-zero,QuDiscriminantZero,no statically visible tick construction
GF-F-COORDINATE-GRAPH-FIGURE-FAMILY-QU-GRID,MINOR,coordinate_graph,grid,figure_renderer,qu-discriminant-zero,QuDiscriminantZero,display convention requires grid; none statically visible
GF-F-COORDINATE-GRAPH-FIGURE-FAMILY-QU-ORIGIN,MAJOR,coordinate_graph,origin,figure_renderer,qu-discriminant-zero,QuDiscriminantZero,origin/zero not statically visible
GF-F-COORDINATE-GRAPH-FIGURE-FAMILY-QU-TICKS,MAJOR,coordinate_graph,ticks,figure_renderer,qu-discriminant-neg,QuDiscriminantNeg,no statically visible tick construction
GF-F-COORDINATE-GRAPH-FIGURE-FAMILY-QU-GRID,MINOR,coordinate_graph,grid,figure_renderer,qu-discriminant-neg,QuDiscriminantNeg,display convention requires grid; none statically visible
GF-F-COORDINATE-GRAPH-FIGURE-FAMILY-QU-ORIGIN,MAJOR,coordinate_graph,origin,figure_renderer,qu-discriminant-neg,QuDiscriminantNeg,origin/zero not statically visible
GF-F-COORDINATE-GRAPH-FIGURE-FAMILY-FT-TICKS,MAJOR,coordinate_graph,ticks,figure_renderer,ft-parent-square-abs,FtParentSquareAbs,no statically visible tick construction
GF-F-COORDINATE-GRAPH-FIGURE-FAMILY-FT-GRID,MINOR,coordinate_graph,grid,figure_renderer,ft-parent-square-abs,FtParentSquareAbs,display convention requires grid; none statically visible
GF-F-COORDINATE-GRAPH-FIGURE-FAMILY-FT-ORIGIN,MAJOR,coordinate_graph,origin,figure_renderer,ft-parent-square-abs,FtParentSquareAbs,origin/zero not statically visible
GF-F-COORDINATE-GRAPH-FIGURE-FAMILY-FT-TICKS,MAJOR,coordinate_graph,ticks,figure_renderer,ft-horiz-shift,FtHorizShift,no statically visible tick construction
GF-F-COORDINATE-GRAPH-FIGURE-FAMILY-FT-GRID,MINOR,coordinate_graph,grid,figure_renderer,ft-horiz-shift,FtHorizShift,display convention requires grid; none statically visible
GF-F-COORDINATE-GRAPH-FIGURE-FAMILY-FT-ORIGIN,MAJOR,coordinate_graph,origin,figure_renderer,ft-horiz-shift,FtHorizShift,origin/zero not statically visible
GF-F-COORDINATE-GRAPH-FIGURE-FAMILY-FT-TICKS,MAJOR,coordinate_graph,ticks,figure_renderer,ft-reflection,FtReflection,no statically visible tick construction
GF-F-COORDINATE-GRAPH-FIGURE-FAMILY-FT-GRID,MINOR,coordinate_graph,grid,figure_renderer,ft-reflection,FtReflection,display convention requires grid; none statically visible
GF-F-COORDINATE-GRAPH-FIGURE-FAMILY-FT-ORIGIN,MAJOR,coordinate_graph,origin,figure_renderer,ft-reflection,FtReflection,origin/zero not statically visible
GF-F-COORDINATE-GRAPH-FIGURE-FAMILY-SY-TICKS,MAJOR,coordinate_graph,ticks,figure_renderer,sy-dilation-origin,SyDilationOrigin,no statically visible tick construction
GF-F-COORDINATE-GRAPH-FIGURE-FAMILY-SY-GRID,MINOR,coordinate_graph,grid,figure_renderer,sy-dilation-origin,SyDilationOrigin,display convention requires grid; none statically visible
GF-F-DOT-PLOT-FIGURE-FAMILY-VM-TICKS,MAJOR,dot_plot,ticks,figure_renderer,vm-line-plot-read,VmLinePlotRead,no statically visible tick construction
GF-F-DOT-PLOT-FIGURE-FAMILY-VM-TICKS,MAJOR,dot_plot,ticks,figure_renderer,vm-total-length,VmTotalLength,no statically visible tick construction
GF-F-COORDINATE-GRAPH-FIGURE-FAMILY-CG-TICKS,MAJOR,coordinate_graph,ticks,figure_renderer,cg-town-map,CgTownMap,no statically visible tick construction
GF-F-COORDINATE-GRAPH-FIGURE-FAMILY-CG-GRID,MINOR,coordinate_graph,grid,figure_renderer,cg-town-map,CgTownMap,display convention requires grid; none statically visible
GF-F-COORDINATE-GRAPH-FIGURE-FAMILY-CG-ORIGIN,MAJOR,coordinate_graph,origin,figure_renderer,cg-town-map,CgTownMap,origin/zero not statically visible
GF-F-COORDINATE-GRAPH-FIGURE-FAMILY-CG-TICKS,MAJOR,coordinate_graph,ticks,figure_renderer,cg-maya-saves,CgMayaSaves,no statically visible tick construction
GF-F-COORDINATE-GRAPH-FIGURE-FAMILY-CG-GRID,MINOR,coordinate_graph,grid,figure_renderer,cg-maya-saves,CgMayaSaves,display convention requires grid; none statically visible
GF-F-COORDINATE-GRAPH-FIGURE-FAMILY-CG-ORIGIN,MAJOR,coordinate_graph,origin,figure_renderer,cg-maya-saves,CgMayaSaves,origin/zero not statically visible
GF-F-COORDINATE-GRAPH-FIGURE-FAMILY-CG-LABELS,MINOR,coordinate_graph,labels,figure_renderer,cg-each-plottable,CgEachPlottable,no axis/text label token in renderer source
GF-F-COORDINATE-GRAPH-FIGURE-FAMILY-CG-TICKS,MAJOR,coordinate_graph,ticks,figure_renderer,cg-each-plottable,CgEachPlottable,no statically visible tick construction
GF-F-COORDINATE-GRAPH-FIGURE-FAMILY-CG-GRID,MINOR,coordinate_graph,grid,figure_renderer,cg-each-plottable,CgEachPlottable,display convention requires grid; none statically visible
GF-F-COORDINATE-GRAPH-FIGURE-FAMILY-CG-ORIGIN,MAJOR,coordinate_graph,origin,figure_renderer,cg-each-plottable,CgEachPlottable,origin/zero not statically visible
GF-F-BAR-CHART-FIGURE-FAMILY-MMT-TICKS,MAJOR,bar_chart,ticks,figure_renderer,mmt-picture-graph,MmtPictureGraph,no statically visible tick construction
GF-F-BAR-CHART-FIGURE-FAMILY-MMT-ORIGIN,MAJOR,bar_chart,origin,figure_renderer,mmt-picture-graph,MmtPictureGraph,origin/zero not statically visible
GF-F-BAR-CHART-FIGURE-FAMILY-MMT-TICKS,MAJOR,bar_chart,ticks,figure_renderer,mmt-bar-graph,MmtBarGraph,no statically visible tick construction
GF-F-BAR-CHART-FIGURE-FAMILY-MMT-ORIGIN,MAJOR,bar_chart,origin,figure_renderer,mmt-bar-graph,MmtBarGraph,origin/zero not statically visible
GF-F-DOT-PLOT-FIGURE-FAMILY-MMT-TICKS,MAJOR,dot_plot,ticks,figure_renderer,mmt-compare-graphs,MmtCompareGraphs,no statically visible tick construction
GF-F-COORDINATE-GRAPH-FIGURE-FAMILY-MMT-TICKS,MAJOR,coordinate_graph,ticks,figure_renderer,mmt-graph-subtraction,MmtGraphSubtraction,no statically visible tick construction
GF-F-COORDINATE-GRAPH-FIGURE-FAMILY-MMT-GRID,MINOR,coordinate_graph,grid,figure_renderer,mmt-graph-subtraction,MmtGraphSubtraction,display convention requires grid; none statically visible
GF-F-COORDINATE-GRAPH-FIGURE-FAMILY-MMT-ORIGIN,MAJOR,coordinate_graph,origin,figure_renderer,mmt-graph-subtraction,MmtGraphSubtraction,origin/zero not statically visible
GF-F-NUMBER-LINE-FIGURE-FAMILY-AS-TICKS,MAJOR,number_line,ticks,figure_renderer,as-hops-add,AsHopsAdd,no statically visible tick construction
GF-F-NUMBER-LINE-FIGURE-FAMILY-AS-TICKS,MAJOR,number_line,ticks,figure_renderer,as-count-back,AsCountBack,no statically visible tick construction
GF-F-NUMBER-LINE-FIGURE-FAMILY-AS-TICKS,MAJOR,number_line,ticks,figure_renderer,as-count-up,AsCountUp,no statically visible tick construction
GF-F-NUMBER-LINE-FIGURE-FAMILY-C120-TICKS,MAJOR,number_line,ticks,figure_renderer,c120-skip-from-7,C120SkipFrom7,no statically visible tick construction
GF-F-NUMBER-LINE-FIGURE-FAMILY-KC-TICKS,MAJOR,number_line,ticks,figure_renderer,kc-ten-hops-to-100,KcTenHopsTo100,no statically visible tick construction
GF-F-COORDINATE-GRAPH-FIGURE-FAMILY-PRA-TICKS,MAJOR,coordinate_graph,ticks,figure_renderer,pra-conjugate-mirror,PraConjugateMirror,no statically visible tick construction
GF-F-COORDINATE-GRAPH-FIGURE-FAMILY-PRA-GRID,MINOR,coordinate_graph,grid,figure_renderer,pra-conjugate-mirror,PraConjugateMirror,display convention requires grid; none statically visible
GF-F-COORDINATE-GRAPH-FIGURE-FAMILY-PRA-ORIGIN,MAJOR,coordinate_graph,origin,figure_renderer,pra-conjugate-mirror,PraConjugateMirror,origin/zero not statically visible
GF-F-COORDINATE-GRAPH-FIGURE-FAMILY-PRA-TICKS,MAJOR,coordinate_graph,ticks,figure_renderer,pra-slant-portrait,PraSlantPortrait,no statically visible tick construction
GF-F-COORDINATE-GRAPH-FIGURE-FAMILY-PRA-GRID,MINOR,coordinate_graph,grid,figure_renderer,pra-slant-portrait,PraSlantPortrait,display convention requires grid; none statically visible
GF-F-COORDINATE-GRAPH-FIGURE-FAMILY-PRA-ORIGIN,MAJOR,coordinate_graph,origin,figure_renderer,pra-slant-portrait,PraSlantPortrait,origin/zero not statically visible
GF-F-NUMBER-LINE-FIGURE-FAMILY-PRA-TICKS,MAJOR,number_line,ticks,figure_renderer,pra-signchart-intro,PraSignchartIntro,no statically visible tick construction
GF-F-NUMBER-LINE-FIGURE-FAMILY-TI-TICKS,MAJOR,number_line,ticks,figure_renderer,ti-twin-ladder,TiTwinLadder,no statically visible tick construction
GF-F-COORDINATE-GRAPH-FIGURE-FAMILY-TI-TICKS,MAJOR,coordinate_graph,ticks,figure_renderer,ti-sumdiff-decompose,TiSumDiffDecompose,no statically visible tick construction
GF-F-COORDINATE-GRAPH-FIGURE-FAMILY-TI-GRID,MINOR,coordinate_graph,grid,figure_renderer,ti-sumdiff-decompose,TiSumDiffDecompose,display convention requires grid; none statically visible
GF-F-COORDINATE-GRAPH-FIGURE-FAMILY-TI-ORIGIN,MAJOR,coordinate_graph,origin,figure_renderer,ti-sumdiff-decompose,TiSumDiffDecompose,origin/zero not statically visible
GF-F-COORDINATE-GRAPH-FIGURE-FAMILY-PP-TICKS,MAJOR,coordinate_graph,ticks,figure_renderer,pp-argand-polar,PpArgandPolar,no statically visible tick construction
GF-F-COORDINATE-GRAPH-FIGURE-FAMILY-PP-GRID,MINOR,coordinate_graph,grid,figure_renderer,pp-argand-polar,PpArgandPolar,display convention requires grid; none statically visible
GF-F-COORDINATE-GRAPH-FIGURE-FAMILY-VEC-TICKS,MAJOR,coordinate_graph,ticks,figure_renderer,vec-displacement,VecDisplacement,no statically visible tick construction
GF-F-COORDINATE-GRAPH-FIGURE-FAMILY-VEC-ORIGIN,MAJOR,coordinate_graph,origin,figure_renderer,vec-displacement,VecDisplacement,origin/zero not statically visible
GF-F-COORDINATE-GRAPH-FIGURE-FAMILY-VEC-TICKS,MAJOR,coordinate_graph,ticks,figure_renderer,vec-tiptotail,VecTipToTail,no statically visible tick construction
GF-F-COORDINATE-GRAPH-FIGURE-FAMILY-VEC-GRID,MINOR,coordinate_graph,grid,figure_renderer,vec-tiptotail,VecTipToTail,display convention requires grid; none statically visible
GF-F-COORDINATE-GRAPH-FIGURE-FAMILY-VEC-ORIGIN,MAJOR,coordinate_graph,origin,figure_renderer,vec-tiptotail,VecTipToTail,origin/zero not statically visible
GF-F-COORDINATE-GRAPH-FIGURE-FAMILY-VEC-TICKS,MAJOR,coordinate_graph,ticks,figure_renderer,vec-dot-angle,VecDotAngle,no statically visible tick construction
GF-F-COORDINATE-GRAPH-FIGURE-FAMILY-VEC-GRID,MINOR,coordinate_graph,grid,figure_renderer,vec-dot-angle,VecDotAngle,display convention requires grid; none statically visible
GF-F-COORDINATE-GRAPH-FIGURE-FAMILY-VEC-TICKS,MAJOR,coordinate_graph,ticks,figure_renderer,vec-compose,VecCompose,no statically visible tick construction
GF-F-COORDINATE-GRAPH-FIGURE-FAMILY-VEC-GRID,MINOR,coordinate_graph,grid,figure_renderer,vec-compose,VecCompose,display convention requires grid; none statically visible
GF-F-COORDINATE-GRAPH-FIGURE-FAMILY-VEC-ORIGIN,MAJOR,coordinate_graph,origin,figure_renderer,vec-compose,VecCompose,origin/zero not statically visible
GF-F-COORDINATE-GRAPH-FIGURE-FAMILY-CO-TICKS,MAJOR,coordinate_graph,ticks,figure_renderer,co-ellipse-def,CoEllipseDef,no statically visible tick construction
GF-F-COORDINATE-GRAPH-FIGURE-FAMILY-CO-GRID,MINOR,coordinate_graph,grid,figure_renderer,co-ellipse-def,CoEllipseDef,display convention requires grid; none statically visible
GF-F-COORDINATE-GRAPH-FIGURE-FAMILY-CO-ORIGIN,MAJOR,coordinate_graph,origin,figure_renderer,co-ellipse-def,CoEllipseDef,origin/zero not statically visible
GF-F-COORDINATE-GRAPH-FIGURE-FAMILY-CO-TICKS,MAJOR,coordinate_graph,ticks,figure_renderer,co-hyperbola-def,CoHyperbolaDef,no statically visible tick construction
GF-F-COORDINATE-GRAPH-FIGURE-FAMILY-CO-GRID,MINOR,coordinate_graph,grid,figure_renderer,co-hyperbola-def,CoHyperbolaDef,display convention requires grid; none statically visible
GF-F-COORDINATE-GRAPH-FIGURE-FAMILY-CO-ORIGIN,MAJOR,coordinate_graph,origin,figure_renderer,co-hyperbola-def,CoHyperbolaDef,origin/zero not statically visible
GF-F-COORDINATE-GRAPH-FIGURE-FAMILY-CO-TICKS,MAJOR,coordinate_graph,ticks,figure_renderer,co-eccentricity-scale,CoEccentricityScale,no statically visible tick construction
GF-F-COORDINATE-GRAPH-FIGURE-FAMILY-CO-GRID,MINOR,coordinate_graph,grid,figure_renderer,co-eccentricity-scale,CoEccentricityScale,display convention requires grid; none statically visible
GF-F-COORDINATE-GRAPH-FIGURE-FAMILY-CO-ORIGIN,MAJOR,coordinate_graph,origin,figure_renderer,co-eccentricity-scale,CoEccentricityScale,origin/zero not statically visible
GF-F-COORDINATE-GRAPH-FIGURE-FAMILY-LC-TICKS,MAJOR,coordinate_graph,ticks,figure_renderer,lc-hole-graph,LcHoleGraph,no statically visible tick construction
GF-F-COORDINATE-GRAPH-FIGURE-FAMILY-LC-GRID,MINOR,coordinate_graph,grid,figure_renderer,lc-hole-graph,LcHoleGraph,display convention requires grid; none statically visible
GF-F-COORDINATE-GRAPH-FIGURE-FAMILY-LC-ORIGIN,MAJOR,coordinate_graph,origin,figure_renderer,lc-hole-graph,LcHoleGraph,origin/zero not statically visible
GF-F-COORDINATE-GRAPH-FIGURE-FAMILY-LC-TICKS,MAJOR,coordinate_graph,ticks,figure_renderer,lc-jump-graph,LcJumpGraph,no statically visible tick construction
GF-F-COORDINATE-GRAPH-FIGURE-FAMILY-LC-GRID,MINOR,coordinate_graph,grid,figure_renderer,lc-jump-graph,LcJumpGraph,display convention requires grid; none statically visible
GF-F-COORDINATE-GRAPH-FIGURE-FAMILY-LC-ORIGIN,MAJOR,coordinate_graph,origin,figure_renderer,lc-jump-graph,LcJumpGraph,origin/zero not statically visible
GF-F-BAR-CHART-FIGURE-FAMILY-LC-TICKS,MAJOR,bar_chart,ticks,figure_renderer,lc-partial-sums,LcPartialSums,no statically visible tick construction
GF-F-BAR-CHART-FIGURE-FAMILY-LC-ORIGIN,MAJOR,bar_chart,origin,figure_renderer,lc-partial-sums,LcPartialSums,origin/zero not statically visible
GF-F-COORDINATE-GRAPH-FIGURE-FAMILY-FNA-TICKS,MAJOR,coordinate_graph,ticks,figure_renderer,fna-piecewise,FnaPiecewise,no statically visible tick construction
GF-F-COORDINATE-GRAPH-FIGURE-FAMILY-FNA-GRID,MINOR,coordinate_graph,grid,figure_renderer,fna-piecewise,FnaPiecewise,display convention requires grid; none statically visible
GF-F-COORDINATE-GRAPH-FIGURE-FAMILY-FNA-ORIGIN,MAJOR,coordinate_graph,origin,figure_renderer,fna-piecewise,FnaPiecewise,origin/zero not statically visible
GF-F-NUMBER-LINE-FIGURE-FAMILY-COUNT-TICKS,MAJOR,number_line,ticks,figure_renderer,count-on-small,CountOnSmall,no statically visible tick construction
GF-F-NUMBER-LINE-FIGURE-FAMILY-BIGGER-TICKS,MAJOR,number_line,ticks,figure_renderer,bigger-first,BiggerFirst,no statically visible tick construction
GF-F-COORDINATE-GRAPH-FIGURE-FAMILY-COORDINATE-TICKS,MAJOR,coordinate_graph,ticks,figure_renderer,coordinate-plane,CoordinatePlane,no statically visible tick construction
GF-F-COORDINATE-GRAPH-FIGURE-FAMILY-COORDINATE-GRID,MINOR,coordinate_graph,grid,figure_renderer,coordinate-plane,CoordinatePlane,display convention requires grid; none statically visible
GF-F-COORDINATE-GRAPH-FIGURE-FAMILY-LINE-TICKS,MAJOR,coordinate_graph,ticks,figure_renderer,line-intercepts,LineIntercepts,no statically visible tick construction
GF-F-COORDINATE-GRAPH-FIGURE-FAMILY-LINE-GRID,MINOR,coordinate_graph,grid,figure_renderer,line-intercepts,LineIntercepts,display convention requires grid; none statically visible
GF-F-COORDINATE-GRAPH-FIGURE-FAMILY-LINE-ORIGIN,MAJOR,coordinate_graph,origin,figure_renderer,line-intercepts,LineIntercepts,origin/zero not statically visible
GF-F-COORDINATE-GRAPH-FIGURE-FAMILY-PARABOLA-TICKS,MAJOR,coordinate_graph,ticks,figure_renderer,parabola-vertex,ParabolaVertex,no statically visible tick construction
GF-F-COORDINATE-GRAPH-FIGURE-FAMILY-PARABOLA-GRID,MINOR,coordinate_graph,grid,figure_renderer,parabola-vertex,ParabolaVertex,display convention requires grid; none statically visible
GF-F-COORDINATE-GRAPH-FIGURE-FAMILY-PARABOLA-ORIGIN,MAJOR,coordinate_graph,origin,figure_renderer,parabola-vertex,ParabolaVertex,origin/zero not statically visible
GF-F-COORDINATE-GRAPH-FIGURE-FAMILY-PARABOLA-TICKS,MAJOR,coordinate_graph,ticks,figure_renderer,parabola-roots,ParabolaRoots,no statically visible tick construction
GF-F-COORDINATE-GRAPH-FIGURE-FAMILY-PARABOLA-GRID,MINOR,coordinate_graph,grid,figure_renderer,parabola-roots,ParabolaRoots,display convention requires grid; none statically visible
GF-F-COORDINATE-GRAPH-FIGURE-FAMILY-PARABOLA-ORIGIN,MAJOR,coordinate_graph,origin,figure_renderer,parabola-roots,ParabolaRoots,origin/zero not statically visible
GF-F-COORDINATE-GRAPH-FIGURE-FAMILY-DISCRIMINANT-TICKS,MAJOR,coordinate_graph,ticks,figure_renderer,discriminant-cases,DiscriminantCases,no statically visible tick construction
GF-F-COORDINATE-GRAPH-FIGURE-FAMILY-DISCRIMINANT-GRID,MINOR,coordinate_graph,grid,figure_renderer,discriminant-cases,DiscriminantCases,display convention requires grid; none statically visible
GF-F-COORDINATE-GRAPH-FIGURE-FAMILY-DISCRIMINANT-ORIGIN,MAJOR,coordinate_graph,origin,figure_renderer,discriminant-cases,DiscriminantCases,origin/zero not statically visible
GF-F-COORDINATE-GRAPH-FIGURE-FAMILY-EXP-TICKS,MAJOR,coordinate_graph,ticks,figure_renderer,exp-curve-growth,ExpCurveGrowth,no statically visible tick construction
GF-F-COORDINATE-GRAPH-FIGURE-FAMILY-EXP-GRID,MINOR,coordinate_graph,grid,figure_renderer,exp-curve-growth,ExpCurveGrowth,display convention requires grid; none statically visible
GF-F-COORDINATE-GRAPH-FIGURE-FAMILY-EXP-ORIGIN,MAJOR,coordinate_graph,origin,figure_renderer,exp-curve-growth,ExpCurveGrowth,origin/zero not statically visible
GF-F-COORDINATE-GRAPH-FIGURE-FAMILY-EXP-TICKS,MAJOR,coordinate_graph,ticks,figure_renderer,exp-curve-decay,ExpCurveDecay,no statically visible tick construction
GF-F-COORDINATE-GRAPH-FIGURE-FAMILY-EXP-GRID,MINOR,coordinate_graph,grid,figure_renderer,exp-curve-decay,ExpCurveDecay,display convention requires grid; none statically visible
GF-F-COORDINATE-GRAPH-FIGURE-FAMILY-EXP-ORIGIN,MAJOR,coordinate_graph,origin,figure_renderer,exp-curve-decay,ExpCurveDecay,origin/zero not statically visible
GF-F-NUMBER-LINE-FIGURE-FAMILY-ESTIMATE-TICKS,MAJOR,number_line,ticks,figure_renderer,estimate-actual,EstimateActual,no statically visible tick construction
GF-F-BAR-CHART-FIGURE-FAMILY-SINGLE-ORIGIN,MAJOR,bar_chart,origin,figure_renderer,single-scale-graph,SingleScaleGraph,origin/zero not statically visible
GF-F-NUMBER-LINE-FIGURE-FAMILY-PROBABILITY-TICKS,MAJOR,number_line,ticks,figure_renderer,probability-line,ProbabilityLine,no statically visible tick construction
GF-F-NUMBER-LINE-FIGURE-FAMILY-RNO7-TICKS,MAJOR,number_line,ticks,figure_renderer,rno7-add-same-line,Rno7AddSameLine,no statically visible tick construction
GF-F-DOT-PLOT-FIGURE-FAMILY-SP7-TICKS,MAJOR,dot_plot,ticks,figure_renderer,sp7-dotplot-overlap,Sp7DotplotOverlap,no statically visible tick construction
GF-F-NUMBER-LINE-FIGURE-FAMILY-RNO7-TICKS,MAJOR,number_line,ticks,figure_renderer,rno7-add-diff-line,Rno7AddDiffLine,no statically visible tick construction
GF-F-NUMBER-LINE-FIGURE-FAMILY-RNO7-TICKS,MAJOR,number_line,ticks,figure_renderer,rno7-change-rise-line,Rno7ChangeRiseLine,no statically visible tick construction
GF-F-NUMBER-LINE-FIGURE-FAMILY-RNO7-TICKS,MAJOR,number_line,ticks,figure_renderer,rno7-subtract-negative,Rno7SubtractNegative,no statically visible tick construction
GF-F-NUMBER-LINE-FIGURE-FAMILY-TSE7-TICKS,MAJOR,number_line,ticks,figure_renderer,tse7-ineq-line,Tse7IneqLine,no statically visible tick construction
GF-F-COORDINATE-GRAPH-FIGURE-FAMILY-PR7-TICKS,MAJOR,coordinate_graph,ticks,figure_renderer,pr7-straight-line,Pr7StraightLine,no statically visible tick construction
GF-F-COORDINATE-GRAPH-FIGURE-FAMILY-PR7-GRID,MINOR,coordinate_graph,grid,figure_renderer,pr7-straight-line,Pr7StraightLine,display convention requires grid; none statically visible
GF-F-COORDINATE-GRAPH-FIGURE-FAMILY-PR7-TICKS,MAJOR,coordinate_graph,ticks,figure_renderer,pr7-point-1k,Pr7Point1k,no statically visible tick construction
GF-F-COORDINATE-GRAPH-FIGURE-FAMILY-PR7-GRID,MINOR,coordinate_graph,grid,figure_renderer,pr7-point-1k,Pr7Point1k,display convention requires grid; none statically visible
GF-F-COORDINATE-GRAPH-FIGURE-FAMILY-PR7-ORIGIN,MAJOR,coordinate_graph,origin,figure_renderer,pr7-point-1k,Pr7Point1k,origin/zero not statically visible
GF-F-NUMBER-LINE-FIGURE-FAMILY-RNO-TICKS,MAJOR,number_line,ticks,figure_renderer,rno-same-sign,RnoSameSign,no statically visible tick construction
GF-F-NUMBER-LINE-FIGURE-FAMILY-RNO-TICKS,MAJOR,number_line,ticks,figure_renderer,rno-opposites-cancel,RnoOppositesCancel,no statically visible tick construction
GF-F-NUMBER-LINE-FIGURE-FAMILY-RNO-TICKS,MAJOR,number_line,ticks,figure_renderer,rno-change-sign,RnoChangeSign,no statically visible tick construction
GF-F-COORDINATE-GRAPH-FIGURE-FAMILY-PR-TICKS,MAJOR,coordinate_graph,ticks,figure_renderer,pr-flat-start,PrFlatStart,no statically visible tick construction
GF-F-COORDINATE-GRAPH-FIGURE-FAMILY-PR-GRID,MINOR,coordinate_graph,grid,figure_renderer,pr-flat-start,PrFlatStart,display convention requires grid; none statically visible
GF-F-COORDINATE-GRAPH-FIGURE-FAMILY-PR-TICKS,MAJOR,coordinate_graph,ticks,figure_renderer,pr-through-origin,PrThroughOrigin,no statically visible tick construction
GF-F-COORDINATE-GRAPH-FIGURE-FAMILY-PR-GRID,MINOR,coordinate_graph,grid,figure_renderer,pr-through-origin,PrThroughOrigin,display convention requires grid; none statically visible
GF-F-COORDINATE-GRAPH-FIGURE-FAMILY-PR-TICKS,MAJOR,coordinate_graph,ticks,figure_renderer,pr-unit-rate-point,PrUnitRatePoint,no statically visible tick construction
GF-F-COORDINATE-GRAPH-FIGURE-FAMILY-PR-GRID,MINOR,coordinate_graph,grid,figure_renderer,pr-unit-rate-point,PrUnitRatePoint,display convention requires grid; none statically visible
GF-F-COORDINATE-GRAPH-FIGURE-FAMILY-PR-ORIGIN,MAJOR,coordinate_graph,origin,figure_renderer,pr-unit-rate-point,PrUnitRatePoint,origin/zero not statically visible
GF-F-COORDINATE-GRAPH-FIGURE-FAMILY-LES-TICKS,MAJOR,coordinate_graph,ticks,figure_renderer,les-graph-solution,LesGraphSolution,no statically visible tick construction
GF-F-COORDINATE-GRAPH-FIGURE-FAMILY-LES-GRID,MINOR,coordinate_graph,grid,figure_renderer,les-graph-solution,LesGraphSolution,display convention requires grid; none statically visible
GF-F-COORDINATE-GRAPH-FIGURE-FAMILY-LES-ORIGIN,MAJOR,coordinate_graph,origin,figure_renderer,les-graph-solution,LesGraphSolution,origin/zero not statically visible
GF-F-COORDINATE-GRAPH-FIGURE-FAMILY-FG-TICKS,MAJOR,coordinate_graph,ticks,figure_renderer,fg-initial-value,FgInitialValue,no statically visible tick construction
GF-F-COORDINATE-GRAPH-FIGURE-FAMILY-FG-GRID,MINOR,coordinate_graph,grid,figure_renderer,fg-initial-value,FgInitialValue,display convention requires grid; none statically visible
GF-F-COORDINATE-GRAPH-FIGURE-FAMILY-FG-ORIGIN,MAJOR,coordinate_graph,origin,figure_renderer,fg-initial-value,FgInitialValue,origin/zero not statically visible
GF-F-LINE-GRAPH-FIGURE-FAMILY-FG-TICKS,MAJOR,line_graph,ticks,figure_renderer,fg-many-forms,FgManyForms,no statically visible tick construction
GF-F-COORDINATE-GRAPH-FIGURE-FAMILY-FG-TICKS,MAJOR,coordinate_graph,ticks,figure_renderer,fg-graph-shape,FgGraphShape,no statically visible tick construction
GF-F-COORDINATE-GRAPH-FIGURE-FAMILY-FG-GRID,MINOR,coordinate_graph,grid,figure_renderer,fg-graph-shape,FgGraphShape,display convention requires grid; none statically visible
GF-F-COORDINATE-GRAPH-FIGURE-FAMILY-FG-ORIGIN,MAJOR,coordinate_graph,origin,figure_renderer,fg-graph-shape,FgGraphShape,origin/zero not statically visible
GF-F-COORDINATE-GRAPH-FIGURE-FAMILY-FG-TICKS,MAJOR,coordinate_graph,ticks,figure_renderer,fg-story-graph,FgStoryGraph,no statically visible tick construction
GF-F-COORDINATE-GRAPH-FIGURE-FAMILY-FG-GRID,MINOR,coordinate_graph,grid,figure_renderer,fg-story-graph,FgStoryGraph,display convention requires grid; none statically visible
GF-F-COORDINATE-GRAPH-FIGURE-FAMILY-FG-ORIGIN,MAJOR,coordinate_graph,origin,figure_renderer,fg-story-graph,FgStoryGraph,origin/zero not statically visible
GF-F-NUMBER-LINE-FIGURE-FAMILY-RNS-TICKS,MAJOR,number_line,ticks,figure_renderer,rns-density,RnsDensity,no statically visible tick construction
GF-F-BAR-CHART-FIGURE-FAMILY-G2G-ORIGIN,MAJOR,bar_chart,origin,figure_renderer,g2g-bar-gap,G2gBarGap,origin/zero not statically visible
GF-F-DOT-PLOT-FIGURE-FAMILY-G2G-TICKS,MAJOR,dot_plot,ticks,figure_renderer,g2g-display-choice,G2gDisplayChoice,no statically visible tick construction
GF-F-COORDINATE-GRAPH-FIGURE-FAMILY-ASV-TICKS,MAJOR,coordinate_graph,ticks,figure_renderer,asv-coord-length,AsvCoordLength,no statically visible tick construction
GF-F-COORDINATE-GRAPH-FIGURE-FAMILY-ASV-GRID,MINOR,coordinate_graph,grid,figure_renderer,asv-coord-length,AsvCoordLength,display convention requires grid; none statically visible
GF-F-COORDINATE-GRAPH-FIGURE-FAMILY-ASV-ORIGIN,MAJOR,coordinate_graph,origin,figure_renderer,asv-coord-length,AsvCoordLength,origin/zero not statically visible
GF-F-COORDINATE-GRAPH-FIGURE-FAMILY-ASV-TICKS,MAJOR,coordinate_graph,ticks,figure_renderer,asv-coord-area,AsvCoordArea,no statically visible tick construction
GF-F-COORDINATE-GRAPH-FIGURE-FAMILY-ASV-GRID,MINOR,coordinate_graph,grid,figure_renderer,asv-coord-area,AsvCoordArea,display convention requires grid; none statically visible
GF-F-COORDINATE-GRAPH-FIGURE-FAMILY-ASV-ORIGIN,MAJOR,coordinate_graph,origin,figure_renderer,asv-coord-area,AsvCoordArea,origin/zero not statically visible
GF-F-COORDINATE-GRAPH-FIGURE-FAMILY-ASV-TICKS,MAJOR,coordinate_graph,ticks,figure_renderer,asv-coordinate-rectangle-area,AsvCoordinateRectangleArea,no statically visible tick construction
GF-F-COORDINATE-GRAPH-FIGURE-FAMILY-ASV-ORIGIN,MAJOR,coordinate_graph,origin,figure_renderer,asv-coordinate-rectangle-area,AsvCoordinateRectangleArea,origin/zero not statically visible
GF-F-COORDINATE-GRAPH-FIGURE-FAMILY-ASV-TICKS,MAJOR,coordinate_graph,ticks,figure_renderer,asv-coordinate-right-triangle-legs,AsvCoordinateRightTriangleLegs,no statically visible tick construction
GF-F-COORDINATE-GRAPH-FIGURE-FAMILY-ASV-ORIGIN,MAJOR,coordinate_graph,origin,figure_renderer,asv-coordinate-right-triangle-legs,AsvCoordinateRightTriangleLegs,origin/zero not statically visible
GF-F-COORDINATE-GRAPH-FIGURE-FAMILY-ASV-TICKS,MAJOR,coordinate_graph,ticks,figure_renderer,asv-coordinate-composite-setup,AsvCoordinateCompositeSetup,no statically visible tick construction
GF-F-COORDINATE-GRAPH-FIGURE-FAMILY-ASV-ORIGIN,MAJOR,coordinate_graph,origin,figure_renderer,asv-coordinate-composite-setup,AsvCoordinateCompositeSetup,origin/zero not statically visible
GF-F-COORDINATE-GRAPH-FIGURE-FAMILY-ASV-TICKS,MAJOR,coordinate_graph,ticks,figure_renderer,asv-coordinate-composite-sum,AsvCoordinateCompositeSum,no statically visible tick construction
GF-F-COORDINATE-GRAPH-FIGURE-FAMILY-ASV-GRID,MINOR,coordinate_graph,grid,figure_renderer,asv-coordinate-composite-sum,AsvCoordinateCompositeSum,display convention requires grid; none statically visible
GF-F-COORDINATE-GRAPH-FIGURE-FAMILY-ASV-ORIGIN,MAJOR,coordinate_graph,origin,figure_renderer,asv-coordinate-composite-sum,AsvCoordinateCompositeSum,origin/zero not statically visible
GF-F-NUMBER-LINE-FIGURE-FAMILY-RR-TICKS,MAJOR,number_line,ticks,figure_renderer,rr-tools,RrTools,no statically visible tick construction
GF-F-NUMBER-LINE-FIGURE-FAMILY-MB-TICKS,MAJOR,number_line,ticks,figure_renderer,mb-multiples,MbMultiples,no statically visible tick construction
GF-F-NUMBER-LINE-FIGURE-FAMILY-DPV-TICKS,MAJOR,number_line,ticks,figure_renderer,dpv-round-whole,DpvRoundWhole,no statically visible tick construction
GF-F-NUMBER-LINE-FIGURE-FAMILY-PV4-TICKS,MAJOR,number_line,ticks,figure_renderer,pv4-round-place,Pv4RoundPlace,no statically visible tick construction
GF-F-NUMBER-LINE-FIGURE-FAMILY-MD3-TICKS,MAJOR,number_line,ticks,figure_renderer,md3-elapsed,Md3Elapsed,no statically visible tick construction
GF-F-COORDINATE-GRAPH-FIGURE-FAMILY-MD3-TICKS,MAJOR,coordinate_graph,ticks,figure_renderer,md3-pictograph,Md3Pictograph,no statically visible tick construction
GF-F-COORDINATE-GRAPH-FIGURE-FAMILY-MD3-GRID,MINOR,coordinate_graph,grid,figure_renderer,md3-pictograph,Md3Pictograph,display convention requires grid; none statically visible
GF-F-COORDINATE-GRAPH-FIGURE-FAMILY-MD3-ORIGIN,MAJOR,coordinate_graph,origin,figure_renderer,md3-pictograph,Md3Pictograph,origin/zero not statically visible
GF-F-BAR-CHART-FIGURE-FAMILY-MD3-ORIGIN,MAJOR,bar_chart,origin,figure_renderer,md3-bargraph,Md3BarGraph,origin/zero not statically visible
GF-F-NUMBER-LINE-FIGURE-FAMILY-PV3-TICKS,MAJOR,number_line,ticks,figure_renderer,pv3-round-ten,Pv3RoundTen,no statically visible tick construction
GF-F-NUMBER-LINE-FIGURE-FAMILY-PV3-TICKS,MAJOR,number_line,ticks,figure_renderer,pv3-round-hundred,Pv3RoundHundred,no statically visible tick construction
GF-F-NUMBER-LINE-FIGURE-FAMILY-PV3-TICKS,MAJOR,number_line,ticks,figure_renderer,pv3-halfway,Pv3Halfway,no statically visible tick construction
GF-F-NUMBER-LINE-FIGURE-FAMILY-PV3-TICKS,MAJOR,number_line,ticks,figure_renderer,pv3-jump,Pv3Jump,no statically visible tick construction
GF-F-NUMBER-LINE-FIGURE-FAMILY-FRAC-TICKS,MAJOR,number_line,ticks,figure_renderer,frac-numline-fourths,FracNumlineFourths,no statically visible tick construction
GF-F-NUMBER-LINE-FIGURE-FAMILY-FRAC-TICKS,MAJOR,number_line,ticks,figure_renderer,frac-numline-unit,FracNumlineUnit,no statically visible tick construction
GF-F-NUMBER-LINE-FIGURE-FAMILY-FRAC-TICKS,MAJOR,number_line,ticks,figure_renderer,frac-numline-threefourths,FracNumlineThreeFourths,no statically visible tick construction
GF-F-NUMBER-LINE-FIGURE-FAMILY-FRAC-TICKS,MAJOR,number_line,ticks,figure_renderer,frac-numline-pastone,FracNumlinePastOne,no statically visible tick construction
GF-F-NUMBER-LINE-FIGURE-FAMILY-FRAC-TICKS,MAJOR,number_line,ticks,figure_renderer,frac-equiv-numline,FracEquivNumline,no statically visible tick construction
GF-F-NUMBER-LINE-FIGURE-FAMILY-G2L-LABELS,MINOR,number_line,labels,figure_renderer,g2l-choice-add-33-20,G2Add33Plus20Candidates,no axis/text label token in renderer source
GF-F-NUMBER-LINE-FIGURE-FAMILY-G2L-TICKS,MAJOR,number_line,ticks,figure_renderer,g2l-choice-add-33-20,G2Add33Plus20Candidates,no statically visible tick construction
GF-F-NUMBER-LINE-FIGURE-FAMILY-G2L-LABELS,MINOR,number_line,labels,figure_renderer,g2l-choice-add-44-20,G2Add44Plus20Candidates,no axis/text label token in renderer source
GF-F-NUMBER-LINE-FIGURE-FAMILY-G2L-TICKS,MAJOR,number_line,ticks,figure_renderer,g2l-choice-add-44-20,G2Add44Plus20Candidates,no statically visible tick construction
GF-F-NUMBER-LINE-FIGURE-FAMILY-G2L-LABELS,MINOR,number_line,labels,figure_renderer,g2l-choice-add-45-20,G2Add45Plus20Candidates,no axis/text label token in renderer source
GF-F-NUMBER-LINE-FIGURE-FAMILY-G2L-TICKS,MAJOR,number_line,ticks,figure_renderer,g2l-choice-add-45-20,G2Add45Plus20Candidates,no statically visible tick construction
GF-F-NUMBER-LINE-FIGURE-FAMILY-G2L-LABELS,MINOR,number_line,labels,figure_renderer,g2l-choice-gap-54-34,G2Gap54Minus34Candidates,no axis/text label token in renderer source
GF-F-NUMBER-LINE-FIGURE-FAMILY-G2L-TICKS,MAJOR,number_line,ticks,figure_renderer,g2l-choice-gap-54-34,G2Gap54Minus34Candidates,no statically visible tick construction
GF-F-NUMBER-LINE-FIGURE-FAMILY-G2L-LABELS,MINOR,number_line,labels,figure_renderer,g2l-choice-gap-53-33,G2Gap53Minus33Candidates,no axis/text label token in renderer source
GF-F-NUMBER-LINE-FIGURE-FAMILY-G2L-TICKS,MAJOR,number_line,ticks,figure_renderer,g2l-choice-gap-53-33,G2Gap53Minus33Candidates,no statically visible tick construction
GF-F-NUMBER-LINE-FIGURE-FAMILY-G2L-LABELS,MINOR,number_line,labels,figure_renderer,g2l-choice-gap-43-33,G2Gap43Minus33Candidates,no axis/text label token in renderer source
GF-F-NUMBER-LINE-FIGURE-FAMILY-G2L-TICKS,MAJOR,number_line,ticks,figure_renderer,g2l-choice-gap-43-33,G2Gap43Minus33Candidates,no statically visible tick construction
GF-F-NUMBER-LINE-FIGURE-FAMILY-NUMBER-TICKS,MAJOR,number_line,ticks,figure_renderer,number-line-jumps,NumberLineJumps,no statically visible tick construction
GF-F-NUMBER-LINE-FIGURE-FAMILY-DOUBLE-TICKS,MAJOR,number_line,ticks,figure_renderer,double-number-line,DoubleNumberLine,no statically visible tick construction
GF-F-COORDINATE-GRAPH-FIGURE-FAMILY-FOUR-TICKS,MAJOR,coordinate_graph,ticks,figure_renderer,four-quadrant-plane,FourQuadrantPlane,no statically visible tick construction
GF-F-COORDINATE-GRAPH-FIGURE-FAMILY-FOUR-GRID,MINOR,coordinate_graph,grid,figure_renderer,four-quadrant-plane,FourQuadrantPlane,display convention requires grid; none statically visible
GF-F-COORDINATE-GRAPH-FIGURE-FAMILY-FOUR-ORIGIN,MAJOR,coordinate_graph,origin,figure_renderer,four-quadrant-plane,FourQuadrantPlane,origin/zero not statically visible
GF-F-COORDINATE-GRAPH-FIGURE-FAMILY-KITE-GRID,MINOR,coordinate_graph,grid,figure_renderer,kite-diagonals,KiteDiagonals,display convention requires grid; none statically visible
GF-F-COORDINATE-GRAPH-FIGURE-FAMILY-KITE-ORIGIN,MAJOR,coordinate_graph,origin,figure_renderer,kite-diagonals,KiteDiagonals,origin/zero not statically visible
GF-F-DOT-PLOT-FIGURE-FAMILY-DOT-TICKS,MAJOR,dot_plot,ticks,figure_renderer,dot-plot-pets,DotPlotPets,no statically visible tick construction
GF-F-HISTOGRAM-FIGURE-FAMILY-HISTOGRAM-ORIGIN,MAJOR,histogram,origin,figure_renderer,histogram-scores,HistogramScores,origin/zero not statically visible
GF-F-NUMBER-LINE-FIGURE-FAMILY-MEAN-TICKS,MAJOR,number_line,ticks,figure_renderer,mean-outlier-pull,MeanOutlierPull,no statically visible tick construction
GF-F-NUMBER-LINE-FIGURE-FAMILY-RANGE-TICKS,MAJOR,number_line,ticks,figure_renderer,range-stretch,RangeStretch,no statically visible tick construction
GF-F-SCATTER-PLOT-FIGURE-FAMILY-SPREAD-TICKS,MAJOR,scatter_plot,ticks,figure_renderer,spread-compare,SpreadCompare,no statically visible tick construction
GF-F-SCATTER-PLOT-FIGURE-FAMILY-SPREAD-GRID,MINOR,scatter_plot,grid,figure_renderer,spread-compare,SpreadCompare,display convention requires grid; none statically visible
GF-F-SCATTER-PLOT-FIGURE-FAMILY-SPREAD-ORIGIN,MAJOR,scatter_plot,origin,figure_renderer,spread-compare,SpreadCompare,origin/zero not statically visible
GF-F-DOT-PLOT-FIGURE-FAMILY-DISTRIBUTION-TICKS,MAJOR,dot_plot,ticks,figure_renderer,distribution-story,DistributionStory,no statically visible tick construction
GF-F-NUMBER-LINE-FIGURE-FAMILY-NUMBER-TICKS,MAJOR,number_line,ticks,figure_renderer,number-line-between-integers,NumberLineBetweenIntegers,no statically visible tick construction
GF-F-SCATTER-PLOT-FIGURE-FAMILY-SCATTER-GRID,MINOR,scatter_plot,grid,figure_renderer,scatter-association,ScatterAssociation,display convention requires grid; none statically visible
GF-F-SCATTER-PLOT-FIGURE-FAMILY-SCATTER-GRID,MINOR,scatter_plot,grid,figure_renderer,scatter-best-fit,ScatterBestFit,display convention requires grid; none statically visible
GF-F-COORDINATE-GRAPH-FIGURE-FAMILY-BV-TICKS,MAJOR,coordinate_graph,ticks,figure_renderer,bv-line-equation,BvLineEquation,no statically visible tick construction
GF-F-COORDINATE-GRAPH-FIGURE-FAMILY-BV-GRID,MINOR,coordinate_graph,grid,figure_renderer,bv-line-equation,BvLineEquation,display convention requires grid; none statically visible
GF-F-COORDINATE-GRAPH-FIGURE-FAMILY-BV-ORIGIN,MAJOR,coordinate_graph,origin,figure_renderer,bv-line-equation,BvLineEquation,origin/zero not statically visible
GF-F-COORDINATE-GRAPH-FIGURE-FAMILY-PARENT-TICKS,MAJOR,coordinate_graph,ticks,figure_renderer,parent-functions,ParentFunctions,no statically visible tick construction
GF-F-COORDINATE-GRAPH-FIGURE-FAMILY-PARENT-GRID,MINOR,coordinate_graph,grid,figure_renderer,parent-functions,ParentFunctions,display convention requires grid; none statically visible
GF-F-COORDINATE-GRAPH-FIGURE-FAMILY-PARENT-ORIGIN,MAJOR,coordinate_graph,origin,figure_renderer,parent-functions,ParentFunctions,origin/zero not statically visible
GF-F-COORDINATE-GRAPH-FIGURE-FAMILY-INVERSE-TICKS,MAJOR,coordinate_graph,ticks,figure_renderer,inverse-reflection,InverseReflection,no statically visible tick construction
GF-F-COORDINATE-GRAPH-FIGURE-FAMILY-INVERSE-ORIGIN,MAJOR,coordinate_graph,origin,figure_renderer,inverse-reflection,InverseReflection,origin/zero not statically visible
GF-F-COORDINATE-GRAPH-FIGURE-FAMILY-COMPLEX-TICKS,MAJOR,coordinate_graph,ticks,figure_renderer,complex-plane,ComplexPlane,no statically visible tick construction
GF-F-COORDINATE-GRAPH-FIGURE-FAMILY-COMPLEX-GRID,MINOR,coordinate_graph,grid,figure_renderer,complex-plane,ComplexPlane,display convention requires grid; none statically visible
GF-F-COORDINATE-GRAPH-FIGURE-FAMILY-END-TICKS,MAJOR,coordinate_graph,ticks,figure_renderer,end-behavior-quadrants,EndBehaviorQuadrants,no statically visible tick construction
GF-F-COORDINATE-GRAPH-FIGURE-FAMILY-END-GRID,MINOR,coordinate_graph,grid,figure_renderer,end-behavior-quadrants,EndBehaviorQuadrants,display convention requires grid; none statically visible
GF-F-COORDINATE-GRAPH-FIGURE-FAMILY-END-ORIGIN,MAJOR,coordinate_graph,origin,figure_renderer,end-behavior-quadrants,EndBehaviorQuadrants,origin/zero not statically visible
GF-F-COORDINATE-GRAPH-FIGURE-FAMILY-MULTIPLICITY-TICKS,MAJOR,coordinate_graph,ticks,figure_renderer,multiplicity-bounce-cross,MultiplicityBounceCross,no statically visible tick construction
GF-F-COORDINATE-GRAPH-FIGURE-FAMILY-MULTIPLICITY-GRID,MINOR,coordinate_graph,grid,figure_renderer,multiplicity-bounce-cross,MultiplicityBounceCross,display convention requires grid; none statically visible
GF-F-COORDINATE-GRAPH-FIGURE-FAMILY-MULTIPLICITY-ORIGIN,MAJOR,coordinate_graph,origin,figure_renderer,multiplicity-bounce-cross,MultiplicityBounceCross,origin/zero not statically visible
GF-F-COORDINATE-GRAPH-FIGURE-FAMILY-SQRT-TICKS,MAJOR,coordinate_graph,ticks,figure_renderer,sqrt-domain-graph,SqrtDomainGraph,no statically visible tick construction
GF-F-COORDINATE-GRAPH-FIGURE-FAMILY-SQRT-GRID,MINOR,coordinate_graph,grid,figure_renderer,sqrt-domain-graph,SqrtDomainGraph,display convention requires grid; none statically visible
GF-F-COORDINATE-GRAPH-FIGURE-FAMILY-SQRT-ORIGIN,MAJOR,coordinate_graph,origin,figure_renderer,sqrt-domain-graph,SqrtDomainGraph,origin/zero not statically visible
GF-F-COORDINATE-GRAPH-FIGURE-FAMILY-EXTRANEOUS-TICKS,MAJOR,coordinate_graph,ticks,figure_renderer,extraneous-intersection,ExtraneousIntersection,no statically visible tick construction
GF-F-COORDINATE-GRAPH-FIGURE-FAMILY-EXTRANEOUS-GRID,MINOR,coordinate_graph,grid,figure_renderer,extraneous-intersection,ExtraneousIntersection,display convention requires grid; none statically visible
GF-F-COORDINATE-GRAPH-FIGURE-FAMILY-EXTRANEOUS-ORIGIN,MAJOR,coordinate_graph,origin,figure_renderer,extraneous-intersection,ExtraneousIntersection,origin/zero not statically visible
GF-F-COORDINATE-GRAPH-FIGURE-FAMILY-RECIPROCAL-TICKS,MAJOR,coordinate_graph,ticks,figure_renderer,reciprocal-parent,ReciprocalParent,no statically visible tick construction
GF-F-COORDINATE-GRAPH-FIGURE-FAMILY-RECIPROCAL-GRID,MINOR,coordinate_graph,grid,figure_renderer,reciprocal-parent,ReciprocalParent,display convention requires grid; none statically visible
GF-F-COORDINATE-GRAPH-FIGURE-FAMILY-RECIPROCAL-ORIGIN,MAJOR,coordinate_graph,origin,figure_renderer,reciprocal-parent,ReciprocalParent,origin/zero not statically visible
GF-F-COORDINATE-GRAPH-FIGURE-FAMILY-HOLE-TICKS,MAJOR,coordinate_graph,ticks,figure_renderer,hole-vs-asymptote,HoleVsAsymptote,no statically visible tick construction
GF-F-COORDINATE-GRAPH-FIGURE-FAMILY-HOLE-GRID,MINOR,coordinate_graph,grid,figure_renderer,hole-vs-asymptote,HoleVsAsymptote,display convention requires grid; none statically visible
GF-F-COORDINATE-GRAPH-FIGURE-FAMILY-HOLE-ORIGIN,MAJOR,coordinate_graph,origin,figure_renderer,hole-vs-asymptote,HoleVsAsymptote,origin/zero not statically visible
GF-F-COORDINATE-GRAPH-FIGURE-FAMILY-UNIT-TICKS,MAJOR,coordinate_graph,ticks,figure_renderer,unit-circle-reference,UnitCircleReference,no statically visible tick construction
GF-F-COORDINATE-GRAPH-FIGURE-FAMILY-UNIT-GRID,MINOR,coordinate_graph,grid,figure_renderer,unit-circle-reference,UnitCircleReference,display convention requires grid; none statically visible
GF-F-COORDINATE-GRAPH-FIGURE-FAMILY-UNIT-ORIGIN,MAJOR,coordinate_graph,origin,figure_renderer,unit-circle-reference,UnitCircleReference,origin/zero not statically visible
GF-F-COORDINATE-GRAPH-FIGURE-FAMILY-FERRIS-TICKS,MAJOR,coordinate_graph,ticks,figure_renderer,ferris-wheel-wave,FerrisWheelWave,no statically visible tick construction
GF-F-COORDINATE-GRAPH-FIGURE-FAMILY-FERRIS-GRID,MINOR,coordinate_graph,grid,figure_renderer,ferris-wheel-wave,FerrisWheelWave,display convention requires grid; none statically visible
GF-F-COORDINATE-GRAPH-FIGURE-FAMILY-FERRIS-ORIGIN,MAJOR,coordinate_graph,origin,figure_renderer,ferris-wheel-wave,FerrisWheelWave,origin/zero not statically visible
GF-F-COORDINATE-GRAPH-FIGURE-FAMILY-MIDPOINT-TICKS,MAJOR,coordinate_graph,ticks,figure_renderer,midpoint-average,MidpointAverage,no statically visible tick construction
GF-F-COORDINATE-GRAPH-FIGURE-FAMILY-MIDPOINT-GRID,MINOR,coordinate_graph,grid,figure_renderer,midpoint-average,MidpointAverage,display convention requires grid; none statically visible
GF-F-COORDINATE-GRAPH-FIGURE-FAMILY-MIDPOINT-ORIGIN,MAJOR,coordinate_graph,origin,figure_renderer,midpoint-average,MidpointAverage,origin/zero not statically visible
GF-F-COORDINATE-GRAPH-FIGURE-FAMILY-SOLIDS-TICKS,MAJOR,coordinate_graph,ticks,figure_renderer,solids-of-revolution,SolidsOfRevolution,no statically visible tick construction
GF-F-COORDINATE-GRAPH-FIGURE-FAMILY-SOLIDS-GRID,MINOR,coordinate_graph,grid,figure_renderer,solids-of-revolution,SolidsOfRevolution,display convention requires grid; none statically visible
GF-F-COORDINATE-GRAPH-FIGURE-FAMILY-SOLIDS-ORIGIN,MAJOR,coordinate_graph,origin,figure_renderer,solids-of-revolution,SolidsOfRevolution,origin/zero not statically visible
GF-F-COORDINATE-GRAPH-FIGURE-FAMILY-AVP-TICKS,MAJOR,coordinate_graph,ticks,figure_renderer,avp-open-closed-circle,AvpOpenClosedCircle,no statically visible tick construction
GF-F-COORDINATE-GRAPH-FIGURE-FAMILY-AVP-GRID,MINOR,coordinate_graph,grid,figure_renderer,avp-open-closed-circle,AvpOpenClosedCircle,display convention requires grid; none statically visible
GF-F-COORDINATE-GRAPH-FIGURE-FAMILY-AVP-ORIGIN,MAJOR,coordinate_graph,origin,figure_renderer,avp-open-closed-circle,AvpOpenClosedCircle,origin/zero not statically visible
GF-F-COORDINATE-GRAPH-FIGURE-FAMILY-AVP-TICKS,MAJOR,coordinate_graph,ticks,figure_renderer,avp-step-function,AvpStepFunction,no statically visible tick construction
GF-F-COORDINATE-GRAPH-FIGURE-FAMILY-AVP-GRID,MINOR,coordinate_graph,grid,figure_renderer,avp-step-function,AvpStepFunction,display convention requires grid; none statically visible
GF-F-COORDINATE-GRAPH-FIGURE-FAMILY-AVP-ORIGIN,MAJOR,coordinate_graph,origin,figure_renderer,avp-step-function,AvpStepFunction,origin/zero not statically visible
GF-F-COORDINATE-GRAPH-FIGURE-FAMILY-NLS-TICKS,MAJOR,coordinate_graph,ticks,figure_renderer,nls-substitute-recipe,NlsSubstituteRecipe,no statically visible tick construction
GF-F-COORDINATE-GRAPH-FIGURE-FAMILY-NLS-GRID,MINOR,coordinate_graph,grid,figure_renderer,nls-substitute-recipe,NlsSubstituteRecipe,display convention requires grid; none statically visible
GF-F-COORDINATE-GRAPH-FIGURE-FAMILY-NLS-ORIGIN,MAJOR,coordinate_graph,origin,figure_renderer,nls-substitute-recipe,NlsSubstituteRecipe,origin/zero not statically visible
GF-F-SCATTER-PLOT-FIGURE-FAMILY-BV-TICKS,MAJOR,scatter_plot,ticks,figure_renderer,bv-residual-gap,BvResidualGap,no statically visible tick construction
GF-F-SCATTER-PLOT-FIGURE-FAMILY-BV-GRID,MINOR,scatter_plot,grid,figure_renderer,bv-residual-gap,BvResidualGap,display convention requires grid; none statically visible
GF-F-SCATTER-PLOT-FIGURE-FAMILY-BV-ORIGIN,MAJOR,scatter_plot,origin,figure_renderer,bv-residual-gap,BvResidualGap,origin/zero not statically visible
GF-F-SCATTER-PLOT-FIGURE-FAMILY-BV-TICKS,MAJOR,scatter_plot,ticks,figure_renderer,bv-residual-sign,BvResidualSign,no statically visible tick construction
GF-F-SCATTER-PLOT-FIGURE-FAMILY-BV-GRID,MINOR,scatter_plot,grid,figure_renderer,bv-residual-sign,BvResidualSign,display convention requires grid; none statically visible
GF-F-SCATTER-PLOT-FIGURE-FAMILY-BV-TICKS,MAJOR,scatter_plot,ticks,figure_renderer,bv-residual-plot-diagnoses,BvResidualPlotDiagnoses,no statically visible tick construction
GF-F-SCATTER-PLOT-FIGURE-FAMILY-BV-GRID,MINOR,scatter_plot,grid,figure_renderer,bv-residual-plot-diagnoses,BvResidualPlotDiagnoses,display convention requires grid; none statically visible
GF-F-SCATTER-PLOT-FIGURE-FAMILY-BV-ORIGIN,MAJOR,scatter_plot,origin,figure_renderer,bv-residual-plot-diagnoses,BvResidualPlotDiagnoses,origin/zero not statically visible
GF-F-SCATTER-PLOT-FIGURE-FAMILY-BV-TICKS,MAJOR,scatter_plot,ticks,figure_renderer,bv-residuals-steer-the-line,BvResidualsSteerTheLine,no statically visible tick construction
GF-F-SCATTER-PLOT-FIGURE-FAMILY-BV-GRID,MINOR,scatter_plot,grid,figure_renderer,bv-residuals-steer-the-line,BvResidualsSteerTheLine,display convention requires grid; none statically visible
GF-F-SCATTER-PLOT-FIGURE-FAMILY-BV-ORIGIN,MAJOR,scatter_plot,origin,figure_renderer,bv-residuals-steer-the-line,BvResidualsSteerTheLine,origin/zero not statically visible
GF-F-BOX-PLOT-FIGURE-FAMILY-DD-TICKS,MAJOR,box_plot,ticks,figure_renderer,dd-box-five-number,DdBoxFiveNumber,no statically visible tick construction
GF-F-BOX-PLOT-FIGURE-FAMILY-DD-TICKS,MAJOR,box_plot,ticks,figure_renderer,dd-box-quarters,DdBoxQuarters,no statically visible tick construction
GF-F-BOX-PLOT-FIGURE-FAMILY-DD-TICKS,MAJOR,box_plot,ticks,figure_renderer,dd-box-compare-two,DdBoxCompareTwo,no statically visible tick construction
GF-F-NUMBER-LINE-FIGURE-FAMILY-DD-TICKS,MAJOR,number_line,ticks,figure_renderer,dd-mad-distances,DdMadDistances,no statically visible tick construction
GF-F-NUMBER-LINE-FIGURE-FAMILY-SP-TICKS,MAJOR,number_line,ticks,figure_renderer,sp-mad-ruler,SpMadRuler,no statically visible tick construction
GF-F-NUMBER-LINE-FIGURE-FAMILY-PR7-TICKS,MAJOR,number_line,ticks,figure_renderer,pr7-percent-error,Pr7PercentError,no statically visible tick construction
GF-F-COORDINATE-GRAPH-FIGURE-FAMILY-TM8-TICKS,MAJOR,coordinate_graph,ticks,figure_renderer,tm8-reflect-rule,Tm8ReflectRule,no statically visible tick construction
GF-F-COORDINATE-GRAPH-FIGURE-FAMILY-TM8-GRID,MINOR,coordinate_graph,grid,figure_renderer,tm8-reflect-rule,Tm8ReflectRule,display convention requires grid; none statically visible
GF-F-COORDINATE-GRAPH-FIGURE-FAMILY-TM8-ORIGIN,MAJOR,coordinate_graph,origin,figure_renderer,tm8-reflect-rule,Tm8ReflectRule,origin/zero not statically visible
GF-F-COORDINATE-GRAPH-FIGURE-FAMILY-RR6-TICKS,MAJOR,coordinate_graph,ticks,figure_renderer,rr6-table-to-plane,Rr6TableToPlane,no statically visible tick construction
GF-F-COORDINATE-GRAPH-FIGURE-FAMILY-RR6-GRID,MINOR,coordinate_graph,grid,figure_renderer,rr6-table-to-plane,Rr6TableToPlane,display convention requires grid; none statically visible
GF-F-COORDINATE-GRAPH-FIGURE-FAMILY-RR6-ORIGIN,MAJOR,coordinate_graph,origin,figure_renderer,rr6-table-to-plane,Rr6TableToPlane,origin/zero not statically visible
GF-F-COORDINATE-GRAPH-FIGURE-FAMILY-PR7-TICKS,MAJOR,coordinate_graph,ticks,figure_renderer,pr7-k-three-ways,Pr7KThreeWays,no statically visible tick construction
GF-F-COORDINATE-GRAPH-FIGURE-FAMILY-PR7-GRID,MINOR,coordinate_graph,grid,figure_renderer,pr7-k-three-ways,Pr7KThreeWays,display convention requires grid; none statically visible
GF-F-COORDINATE-GRAPH-FIGURE-FAMILY-PR7-ORIGIN,MAJOR,coordinate_graph,origin,figure_renderer,pr7-k-three-ways,Pr7KThreeWays,origin/zero not statically visible
GF-F-DOT-PLOT-FIGURE-FAMILY-DM-TICKS,MAJOR,dot_plot,ticks,figure_renderer,dm-shape-outlier,DmShapeOutlier,no statically visible tick construction
GF-F-BOX-PLOT-FIGURE-FAMILY-DM-TICKS,MAJOR,box_plot,ticks,figure_renderer,dm-compare-spread,DmCompareSpread,no statically visible tick construction
GF-F-SCATTER-PLOT-FIGURE-FAMILY-DM-TICKS,MAJOR,scatter_plot,ticks,figure_renderer,dm-residual-gap-intro,DmResidualGapIntro,no statically visible tick construction
GF-F-SCATTER-PLOT-FIGURE-FAMILY-DM-GRID,MINOR,scatter_plot,grid,figure_renderer,dm-residual-gap-intro,DmResidualGapIntro,display convention requires grid; none statically visible
GF-F-SCATTER-PLOT-FIGURE-FAMILY-DM-ORIGIN,MAJOR,scatter_plot,origin,figure_renderer,dm-residual-gap-intro,DmResidualGapIntro,origin/zero not statically visible
GF-F-NUMBER-LINE-FIGURE-FAMILY-DM-TICKS,MAJOR,number_line,ticks,figure_renderer,dm-correlation-scale,DmCorrelationScale,no statically visible tick construction
GF-F-COORDINATE-GRAPH-FIGURE-FAMILY-FNA-TICKS,MAJOR,coordinate_graph,ticks,figure_renderer,fna-compare-representations,FnaCompareRepresentations,no statically visible tick construction
GF-F-COORDINATE-GRAPH-FIGURE-FAMILY-FNA-GRID,MINOR,coordinate_graph,grid,figure_renderer,fna-compare-representations,FnaCompareRepresentations,display convention requires grid; none statically visible
GF-F-COORDINATE-GRAPH-FIGURE-FAMILY-FNA-ORIGIN,MAJOR,coordinate_graph,origin,figure_renderer,fna-compare-representations,FnaCompareRepresentations,origin/zero not statically visible
GF-F-COORDINATE-GRAPH-FIGURE-FAMILY-FNA-TICKS,MAJOR,coordinate_graph,ticks,figure_renderer,fna-properties-anywhere,FnaPropertiesAnywhere,no statically visible tick construction
GF-F-COORDINATE-GRAPH-FIGURE-FAMILY-FNA-GRID,MINOR,coordinate_graph,grid,figure_renderer,fna-properties-anywhere,FnaPropertiesAnywhere,display convention requires grid; none statically visible
GF-F-COORDINATE-GRAPH-FIGURE-FAMILY-FNA-ORIGIN,MAJOR,coordinate_graph,origin,figure_renderer,fna-properties-anywhere,FnaPropertiesAnywhere,origin/zero not statically visible
GF-F-BAR-CHART-FIGURE-FAMILY-CR-TICKS,MAJOR,bar_chart,ticks,figure_renderer,cr-linear-vs-quadratic,CrLinearVsQuadratic,no statically visible tick construction
GF-F-BAR-CHART-FIGURE-FAMILY-CR-ORIGIN,MAJOR,bar_chart,origin,figure_renderer,cr-linear-vs-quadratic,CrLinearVsQuadratic,origin/zero not statically visible
