engine,file,line_ref,verdict,leak_class,evidence,confidence
absValueLine,src/components/widgets.tsx,14746-14904,CLEAN,NONE,"Read AbsValueLineW in full plus describeState.ts:861-874. Only number-line copy renders: item labels, spec.equalLabel, the reveal-only 'farthest' ghost, and 'Distance from zero ignores the sign.' No counters, enums, or stage/telemetry labels.",HIGH
accumulateArea,src/components/widgets.tsx,4532-4643,CLEAN,NONE,"Read AccumulateAreaW in full plus describeState.ts:622-630. Visible copy is 'f - the height', 'A - the area so far', 'area so far A = ...', 'drag x, and watch the area accumulate'; tangerine 'target A = ...' text is tone==='info' (reveal) only. All mathematical.",HIGH
affineRelationshipLab,src/components/widgets.tsx,7124 (also 7115; describeState.ts:403),LEAK,AUTHORING_LABEL,"widgets.tsx:7124 renders unconditionally in active/retry: ""{n} valid affine stage{s} inspected; {spec.requiredExplorations} required before grading, including {n} designated stage{s}."" -- 'required before grading' and 'designated stage' are grading/authoring-system vocabulary, and requiredExplorations/requiredStageKeys are authoring gate parameters. Line 7115 additionally prints the raw representation enum: ""{line.label} \u00b7 {line.sourceKind}"" where sourceKind is z.enum(['equation','table','context']) (schema.ts:5748), i.e. representation metadata as a visible label. describeState.ts:403 opens the accessible text with the engine name: ""Affine relationship lab."" plus ""{n} valid stages inspected"".",HIGH
algebraTiles,src/components/widgets.tsx,5014-5410,CLEAN,NONE,"Read AlgebraTilesW in full including the MMIP zero-pair panel and the at-status live region. Announcements come from transactionSentence() -> op.describe strings in src/lib/mmip/algebraTilesModel.ts (e.g. 'Put one x-tile on the mat...'), all learner-facing mathematics. Labels are 'x-tiles', 'unit tiles', 'long = x', 'small = 1', 'Work with zero pairs', 'Simplify (n)'. No engine/edit-kind/origin token reaches the screen.",HIGH
angleMeasure,src/components/widgets.tsx,9643-9746,CLEAN,NONE,"Read AngleMeasureW in full plus describeState.ts:701-708. Copy is 'relationship on the straight line', 'open the angle', degree readouts, and a reveal-only 'target' tick. No metadata.",HIGH
areaModel,src/components/widgets.tsx,8572 (AreaBuildW 8513-8583; router 8584),UNCERTAIN,INVARIANT_TEXT,"Both branches read (CountGridW 8433-8510, AreaBuildW 8513-8583) plus describeState.ts:144-148. Everything is mathematical except AreaBuildW:8572, rendered unconditionally in active/retry when !spec.square: ""Rows and columns can trade orientation while the number of unit squares stays invariant."" I confirmed it renders in active state; what I cannot resolve is classification -- it is a mathematical claim about area conservation (captioning the 'Rotate rectangle - preserve area' button), not a cml invariants card, but it is the one place in this shard that puts 'invariant' on the learner screen. Needs a human call.",MEDIUM
argandExplore,src/components/widgets.tsx,2586-2704,CLEAN,NONE,"Read ArgandExploreW in full plus describeState.ts:650-661. Copy: 'real'/'imaginary' axis labels, 'z', 'z x w', 'real part', 'imaginary part'; reveal-only 'z here' ghost. No metadata.",HIGH
balanceScale,src/components/widgets.tsx,9571-9638,CLEAN,NONE,"Read BalanceScaleW in full plus describeState.ts:586-591. Copy: the equation on the pans, 'balanced', 'x = n', and a reveal-only 'balances at x = ...' chip. No metadata.",HIGH
barBuilder,src/components/widgets.tsx,10576-10695,CLEAN,NONE,"Read both branches (tally/pictograph and bar/histogram). Only category names, counts, '+ add'/'- remove', spec.axisLabel and reveal-only 'target counts/bars' chips render. No describeState case (returns null).",HIGH
baseTenCompose,src/components/widgets.tsx,14207-14309,CLEAN,NONE,"Read BaseTenComposeW in full. Copy: 'Hundreds/Tens/Ones' steppers, 'Value-preserving exchanges', '10 ones -> 1 ten', the place-value sum readout; 'standard build: ...' chip is tone==='info' only. No describeState case.",HIGH
binomialAreaLab,src/components/widgets.tsx,9885-10061,CLEAN,NONE,"Read BinomialAreaLabW in full plus describeState.ts:737-747. LabReadout labels are 'x\u00b2 term', 'x term (the sum)', 'constant'; sliders 'across partition'/'down partition'; closing note is about the x-by-x block. All mathematical.",HIGH
boxPlot,src/components/widgets.tsx,8240-8302,CLEAN,NONE,"Read BoxPlotW in full. Slider row labels print the state keys uppercased ('MIN','Q1','MED','Q3','MAX') but those are the standard five-number-summary names and each input carries aria-label 'first quartile Q1' etc. Reveal-only dashed 'target' skeleton. No describeState case.",HIGH
buildExpression,src/components/widgets.tsx,13346-13411,CLEAN,NONE,"Read BuildExpressionW in full. Copy: 'Your expression', 'Tap tokens below to build it', 'reads: ...', 'both sides equal'/'the sides differ'/'value n'. Tone only changes the frame colour, never prints the tone token. No describeState case.",HIGH
ciCapture,src/components/widgets.tsx,1902-1989,CLEAN,NONE,"Read CiCaptureW in full plus describeState.ts:792-798. Copy: 'truth n%', 'n of m intervals reached the truth', 'add 1'/'add 10', level radio buttons; 'asked: ...' chip is tone==='info' only. No metadata.",HIGH
circleAngleExplore,src/components/widgets.tsx,2091-2210,CLEAN,NONE,"Read CircleAngleExploreW in full plus describeState.ts:616-621. Mode label maps to 'central angle'/'angle at P'/'tangent-chord angle'/'the OPPOSITE angle' -- human strings, not the raw mode enum. No metadata.",HIGH
circleMeasureExplore,src/components/widgets.tsx,2852-2856 (CircleRadiusScaleW 2863-2923; CircleChordTangentArcW 2926-3088),CLEAN,NONE,"Read the router and both branches plus describeState.ts:770-775. Note CircleRadiusScaleW:2900 interpolates spec.askQuantity into 'target: {askQuantity} {value}', but that enum's values are 'diameter'/'circumference'/'area' -- mathematical words, and the LabReadouts spell out 'diameter 2r', 'circumference 2\u03c0r', 'area \u03c0r\u00b2'.",HIGH
clockSet,src/components/widgets.tsx,8663-8726,CLEAN,NONE,"Read ClockSetW in full. Copy: the clock face numerals, 'h:mm', 'hour = n', 'minute = mm'; reveal-only dashed ghost hands carry no text. No describeState case.",HIGH
columnCalc,src/components/widgets.tsx,6315-6550,CLEAN,NONE,"Read ColumnCalcW in full including every st.msg string produced by resolve/commitCarry/borrow/commitLead. All are place-value narration ('ones: wrote 4, carry 1 waiting', 'Broke a ten: tens down one, ones up ten'). Closing line 'All columns worked out - check when ready.' is a next-action cue. No describeState case.",HIGH
compassConstruct,src/components/widgets.tsx,3715-3810 (ClassicalConstructW 3947-4017; CLASSICAL table 3906-3945),CLEAN,NONE,"Read the router, the perpBisector/hexagon branch, ClassicalConstructW, and every warrant/shortfall string in the CLASSICAL table. All are geometric justifications ('both crossings are the same distance from each ARM...'). Aside (not a focus violation): describeState.ts:809-812 hard-codes goal text for only perpBisector vs hexagon, so the five classical modes are described as 'a regular hexagon stepped around the circle' -- a correctness bug worth a separate ticket.",HIGH
compositeAreaLab,src/components/widgets.tsx,1563-1624,CLEAN,NONE,"Read CompositeAreaLabW in full plus describeState.ts:103-112. Copy: 'Piece n', 'Signed area ledger', 'Cut and reattach...', 'Choose the exact area claim that this geometry supports.' All mathematical. Minor note: describeState prints spec.scene de-hyphenated ('piece ledger') and actionsFor (describeState.ts:951) ends 'Your selected claim stays visible on reveal.' -- 'on reveal' names an internal phase, but reads as ordinary English in a help panel.",MEDIUM
compoundEventLab,src/components/widgets.tsx,1499-1558,CLEAN,NONE,"Read CompoundEventLabW in full plus describeState.ts:93-102. 'Stage {n}' here labels stages of the compound EXPERIMENT (spec.stages, each with its own outcome list), not an authoring stage -- verified against the schema usage. Other copy: 'Complete ordered sample space', 'Sample-space size', 'Favourable outcomes / all outcomes'.",HIGH
conditionalTableLab,src/lib/describeState.ts,describeState.ts:439 (also widgets.tsx:15946),LEAK,RAW_STATE_TOKEN,"describeState.ts:439 (condition mode, reached whenever mode!=='read') returns: ""The selected condition is {condition}; the selected intersection is {cell}. {n} condition changes have been recorded."" -- condition is the raw enum row0|row1|col0|col1 and cell is r0c0|r0c1|r1c0|r1c1 (schema.ts:5967-5969), so the 'Describe this model' panel speaks 'The selected condition is col0; the selected intersection is r0c1' while the screen shows 'Given Boys'. The widget itself has conditionLabel()/cellLabel() human strings (widgets.tsx:15919-15920) and does not use them here. Same class as the S215 RotationLabW raw-tone defect. widgets.tsx:15946 additionally renders 'Condition changes recorded: {n}/{spec.requiredSwitches}' in active state.",HIGH
conicLocusLab,src/components/widgets.tsx,16002-16060,CLEAN,NONE,"Read ConicLocusLabW in full plus describeState.ts:441-444. LabReadout 'family' holds the CONIC family (circle/ellipse/parabola/hyperbola), not a transfer family -- a false positive for any transferFamily grep. Note the LabReadout 'samples {n}/{spec.requiredSamples}' counter surfaces an authoring gate value, but it reads as a next-action cue rather than system vocabulary.",MEDIUM
coordinateProofLab,src/components/widgets.tsx,15758-15778,CLEAN,NONE,"Read CoordinateProofLabW in full plus describeState.ts:320-323. LabReadouts are 'claim', 'vertex D', 'proof moves {n}/{spec.requiredMoves}'; buttons 'Inspect slopes/midpoints/distances'; evidence readouts are slopes, midpoints, lengths. Note the 'proof moves n/m' counter exposes the authoring requiredMoves threshold -- flagged as a borderline process counter, not system vocabulary.",MEDIUM
covariationScrubber,src/components/widgets.tsx,15821-15822,CLEAN,NONE,"Read CovariationScrubberW (minified, two lines) plus describeState.ts:336-339. Renders spec.contextTemplate, the table with spec.inputLabel/outputLabel headers, the graph, and LabReadouts 'equation', 'unit rate', 'current pair'. All mathematical; no counters or enums.",HIGH
derivativeRuleLab,src/components/widgets.tsx,16063-16157,CLEAN,NONE,"Read all four modes (product, quotient, substitution, chain) plus describeState.ts:446-451. Copy is calculus ('x-world \u00b7 spot the fingerprint', 'ordered numerator', 'inner rate'/'outer rate'). Note describeState ends each mode with '{n} moves are recorded.' -- a bare interaction counter; flagged as borderline process wording, not authoring metadata.",MEDIUM
derivativeTrace,src/components/widgets.tsx,4271-4429,CLEAN,NONE,"Read DerivativeTraceW in full plus describeState.ts:631-649. Copy: pane labels 'f', 'f\u2032', 'f\u2033', 'corner', 'drag x, and watch f\u2032 draw itself', 'slide the whole curve up or down - C'. Reveal-only 'target'/'target f\u2032 = n'. No metadata.",HIGH
dilationExplore,src/components/widgets.tsx,10320-10324 (SideSplitterW 3820-3897; AltitudeMeanW 10331-10415; DilationScaleW 10428-10571),CLEAN,NONE,"Read the router and all three branches plus describeState.ts:300-306. Copy: 'AD / DB', 'AE / EC', 'altitude (h)', 'perimeter x k', 'area x k\u00b2', 'volume x k\u00b3', 'scale factor k'. All mathematical.",HIGH
distanceGrid,src/components/widgets.tsx,1265-1325,CLEAN,NONE,"Read DistanceGridW in full plus describeState.ts:684-693. Copy: leg lengths, the Pythagorean readout, 'point x'/'point y'; reveal-only 'target' ring. No metadata.",HIGH
distributionCompareLab,src/components/widgets.tsx,8308-8431,CLEAN,NONE,"Read both modes plus describeState.ts:123-132. The S218 retry/reveal evidence overlay prints 'gap \u2248 n variability-units' and 'overlap \u2248 n%' -- statistics, not telemetry. Tone drives colour only; the tone token is never printed.",HIGH
dotPlot,src/components/widgets.tsx,8167-8169 (DotPlotReadW 8088-8164; DotPlotBuildW 8171-8236),CLEAN,NONE,"Read the router and both branches plus describeState.ts:133-143. Copy: 'counted: n', 'marked length: ...', 'at {v}', and the reveal-only 'dashed = target height' note. No metadata.",HIGH
doubleNumberLine,src/components/widgets.tsx,7809-7897,CLEAN,NONE,"Read DoubleNumberLineW in full. Copy: spec.topLabel/bottomLabel, tick values, 'value at the marked tick'; reveal-only 'target {n}'. No describeState case.",HIGH
dragBucket,src/components/widgets.tsx,13076-13145,CLEAN,NONE,"Read DragBucketW in full. Copy: item labels, bucket labels/icons, per-bucket running counts, 'empty'; reveal-only '-> {bucket}' chip. No describeState case.",HIGH
dragOrder,src/components/widgets.tsx,12966-13071,CLEAN,NONE,"Read DragOrderW in full. Copy: 'Your order: ...', item labels, position numbers, 'Move X up/down'; reveal-only '#n' badge. No describeState case.",HIGH
elapsedTime,src/components/widgets.tsx,1213-1260,CLEAN,NONE,"Read ElapsedTimeW in full. Copy: 'start h:mm', 'finish h:mm', the duration, 'time that passes'; reveal-only 'target: ...' text. No describeState case.",HIGH
equationOutcomeLab,src/components/widgets.tsx,5580 (also describeState.ts:70),LEAK,PROCESS_TELEMETRY,"widgets.tsx:5580, unconditional in transform mode (active and retry): ""{stageIds.length} of {spec.operations.length} operations applied; {spec.requiredMoves} required before grading."" -- 'required before grading' names the grading system and surfaces the authoring gate spec.requiredMoves. Secondary: describeState.ts:70 (classify mode) speaks ""Normalized outcome {equationOutcomeTruth(spec)}"", printing the raw internal token 'one' | 'none' | 'infinite' (schema.ts:2094) as prose.",HIGH
estimateSlider,src/components/widgets.tsx,13893-13896 (DiscreteEstimateCompareW 13642-13807; LogEstimateSliderW 13810-13890),CLEAN,NONE,"Read the router and both branches. Copy: 'stated actual length', 'your estimate', 'distance between them', 'The scale stretches - each step multiplies...'; '\u2713 Best estimate'/'\u00d7 Too far' are graded-state feedback, '- answer' and 'best estimate' are reveal-only. Note actionsFor (describeState.ts:943) names the engine modes ('Continuous mode', 'Exact-comparison mode') in the help panel.",HIGH
evalOrder,src/components/widgets.tsx,7559-7671,CLEAN,NONE,"Read EvalOrderW in full. Copy: the token chips, 'Fully collapsed: n' / '{expr} - tap an operator to work it out.', Undo/Reset; reveal-only 'collapses to: n'. No describeState case.",HIGH
exactNumberLab,src/components/widgets.tsx,7004 and 7006 (also describeState.ts:393),LEAK,AUTHORING_LABEL,"widgets.tsx:7004 renders unconditionally in active/retry: ""Task: {spec.task.replaceAll(/([A-Z])/g,' $1').toLowerCase()}."" -- spec.task is the internal ExactNumberTask enum (schema.ts:5012-5024), so learners read 'Task: density witness.', 'Task: logarithm sum quadratic.', 'Task: rational exponent evaluate.' -- an authoring taxonomy key de-camelCased onto the screen. Line 7006 adds ""{n} valid exact state{s} inspected; {spec.requiredExplorations} required before grading."" describeState.ts:393 repeats the same raw task token as the first words of the accessible description. Sibling quotientReasoningLab does the same at widgets.tsx:7179 with the even more explicit label 'Task mode:'.",HIGH
expLogExplore,src/components/widgets.tsx,2327-2421,CLEAN,NONE,"Read ExpLogExploreW in full plus describeState.ts:600-604. Copy: 'y = b^x' / 'y = log_b(x)', 'its mirror across y = x', 'the base', 'goal {v}'; reveal-only dashed target curve labelled 'base n'. No metadata.",HIGH
extraneousRootLab,src/components/widgets.tsx,10066-10195,CLEAN,NONE,"Read ExtraneousRootLabW in full plus describeState.ts:748-760. Copy: 'square both sides'/'squared \u2713', 'probe x = n', '\u221a side / line side' readout, spec.signRegionFeedback; reveal-only 'the phantom sits at x = n'. All mathematical.",HIGH
fractionBar,src/components/widgets.tsx,989-1191,CLEAN,NONE,"Read FractionBarW in full. Copy: 'your bar'/'your fraction', 'target', 'Same magnitude on a number line', 'Repartition \u00d72', 'Simplify \u00f72', 'numerator'/'denominator' (or 'shaded parts'/'equal parts' in words mode); 'target fill' ghost is tone==='info' only. 'Same magnitude on a number line' is a mathematical caption, not a representation-metadata label. No describeState case.",HIGH
