widget_type,authored_uses,grade_reach,manipulation,consequence,error_model,adaptive,accessibility,mobile,polish,learner_harm,frequency,visibility,strategic_importance,priority_product,decision
exactNumberLab,358,10,1,3,3,3,3,3,3,4,5,5,5,500,REDESIGN
buildExpression,232,12,1,2,1,0,3,2,2,4,5,5,5,500,REDESIGN
dragBucket,182,12,1,2,3,0,3,2,3,4,5,5,5,500,REDESIGN
matchPairs,175,13,1,2,3,0,3,2,3,4,5,5,5,500,REDESIGN
dragOrder,93,12,1,2,3,0,3,2,3,4,4,5,5,400,REDESIGN
numeric,4665,14,0,0,1,0,2,2,2,5,5,3,5,375,REDESIGN
mcq,3293,14,0,0,1,0,2,2,2,5,5,3,5,375,REDESIGN
steppedReveal,54,6,1,1,1,0,2,2,2,5,4,3,5,300,REDESIGN
numberLineHop,462,8,2,2,3,3,3,2,3,2,5,5,5,250,KEEP
tapDiagram,134,6,2,2,3,0,3,2,2,2,5,5,5,250,KEEP
areaModel,102,8,2,2,3,3,3,2,2,2,5,5,5,250,KEEP
fractionBar,101,6,2,2,3,3,3,2,3,2,5,5,5,250,KEEP
fractionEntry,46,4,0,1,1,0,2,2,2,5,4,3,4,240,REDESIGN
tenFrame,169,3,2,2,3,0,3,2,3,2,5,5,4,200,KEEP
estimateSlider,96,7,2,2,3,3,3,2,2,2,4,5,5,200,KEEP
plotPoint,71,8,3,2,3,3,3,2,3,2,4,5,5,200,KEEP
barBuilder,70,6,2,2,3,2,3,3,2,2,4,5,5,200,KEEP
geometricConstraintLab,66,6,3,3,3,3,3,3,3,2,4,5,5,200,KEEP
numberLinePlace,52,8,2,2,3,3,3,2,3,2,4,5,5,200,KEEP
placeCompare,28,2,1,2,3,0,3,2,2,4,3,5,3,180,REDESIGN
rationalCompare,28,2,1,2,1,0,3,2,2,4,3,5,3,180,REDESIGN
pointEntry,18,4,0,1,1,3,2,2,2,5,3,3,4,180,REDESIGN
lengthCompare,66,3,2,2,3,0,3,2,3,2,4,5,4,160,KEEP
placeValueTransformLab,60,4,3,3,3,3,3,3,3,2,4,5,4,160,KEEP
baseTenCompose,56,4,2,2,3,3,3,2,2,2,4,5,4,160,KEEP
proportionalReasoningLab,47,3,3,3,3,3,3,3,3,2,4,5,4,160,KEEP
unitRuler,45,3,3,3,3,3,3,3,3,2,4,5,4,160,KEEP
clockSet,40,3,2,2,3,0,3,2,3,2,4,5,4,160,KEEP
unitCircleExplore,40,3,2,3,3,0,3,2,3,2,4,5,4,160,KEEP
volumeBuilder,19,5,2,2,3,3,3,2,2,2,3,5,5,150,KEEP
probabilityArea,15,5,2,2,3,0,3,2,3,2,3,5,5,150,KEEP
subitizeFlash,18,2,0,1,1,0,2,2,2,5,3,3,3,135,REDESIGN
affineRelationshipLab,55,2,3,3,3,3,3,3,3,2,4,5,3,120,KEEP
columnCalc,39,4,2,3,3,0,3,2,2,2,3,5,4,120,KEEP
quotientReasoningLab,39,3,3,3,3,3,3,3,3,2,3,5,4,120,KEEP
distributionCompareLab,33,3,2,3,3,3,3,2,3,2,3,5,4,120,KEEP
sequenceBuild,30,3,2,2,3,3,3,2,3,2,3,5,4,120,KEEP
expLogExplore,28,4,2,3,3,0,3,2,2,2,3,5,4,120,KEEP
slider,28,4,2,2,3,0,3,2,2,2,3,5,4,120,KEEP
signChart,27,3,2,2,3,0,3,2,2,2,3,5,4,120,KEEP
quadraticExplore,25,3,2,3,3,3,3,2,3,2,3,5,4,120,KEEP
solveBalance,20,3,3,3,3,0,3,3,2,2,3,5,4,120,KEEP
derivativeTrace,19,3,2,3,3,0,3,2,3,2,3,5,4,120,KEEP
dilationExplore,18,3,2,3,3,0,3,2,3,2,3,5,4,120,KEEP
algebraTiles,17,3,2,3,3,0,3,2,2,2,3,5,4,120,KEEP
graphZoom,17,3,2,3,3,0,3,2,2,2,3,5,4,120,KEEP
balanceScale,9,5,2,3,3,3,3,2,2,2,2,5,5,100,KEEP
shapeFamilyBuilder,6,5,3,3,3,3,3,3,3,2,2,5,5,100,KEEP
hundredthsGrid,36,1,2,3,3,2,3,3,3,2,3,5,3,90,KEEP
graphRead,24,2,2,3,3,2,3,3,2,2,3,5,3,90,KEEP
moneyBoard,19,2,2,2,3,3,3,2,3,2,3,5,3,90,KEEP
shapeHierarchyLab,19,1,2,3,3,3,3,3,3,2,3,5,3,90,KEEP
unitChain,19,2,2,3,3,0,3,3,2,2,3,5,3,90,KEEP
oddEvenPairs,17,1,2,2,3,3,3,2,2,2,3,5,3,90,KEEP
compositeAreaLab,15,2,2,3,3,3,3,3,3,2,3,5,3,90,KEEP
conditionalTableLab,15,2,3,3,3,3,3,3,3,2,3,5,3,90,KEEP
equationOutcomeLab,15,2,2,3,3,3,3,3,3,2,3,5,3,90,KEEP
trialProbabilityLab,15,1,2,3,3,0,3,3,3,2,3,5,3,90,KEEP
triangleSolve,15,2,2,2,3,0,3,2,3,2,3,5,3,90,KEEP
dotPlot,13,4,2,2,3,0,3,2,3,2,2,5,4,80,KEEP
circleMeasureExplore,11,3,2,2,3,0,3,2,3,2,2,5,4,80,KEEP
ratioTable,11,4,2,2,3,3,3,2,2,2,2,5,4,80,KEEP
scatterFit,11,3,3,2,3,3,3,2,3,2,2,5,4,80,KEEP
secantSlope,11,3,2,3,3,0,3,2,3,2,2,5,4,80,KEEP
functionMachine,10,4,2,3,3,3,3,2,2,2,2,5,4,80,KEEP
distanceGrid,9,4,2,2,3,0,3,2,3,2,2,5,4,80,KEEP
samplingBiasLab,7,4,3,3,3,3,3,3,3,2,2,5,4,80,KEEP
angleMeasure,6,3,2,2,3,3,3,2,3,2,2,5,4,80,KEEP
spinnerSim,6,3,2,2,3,0,3,2,3,2,2,5,4,80,KEEP
netFold,5,3,2,2,3,0,3,2,2,2,2,5,4,80,KEEP
treeDiagram,5,4,2,2,3,0,3,2,2,2,2,5,4,80,KEEP
triangleAngleLab,4,3,3,3,3,3,3,3,3,2,2,5,4,80,KEEP
graphStoryLab,14,1,3,3,3,0,3,3,3,2,2,5,3,60,KEEP
pointSetReasoningLab,14,2,3,3,3,2,3,3,3,2,2,5,3,60,KEEP
triangleConstraintLab,13,2,3,3,3,3,3,3,3,2,2,5,3,60,KEEP
compassConstruct,12,2,3,2,3,0,3,1,2,2,2,5,3,60,POLISH
inversePipeline,11,2,3,2,3,0,3,3,2,2,2,5,3,60,KEEP
shapeParts,11,2,3,3,3,0,3,3,2,2,2,5,3,60,KEEP
binomialAreaLab,10,2,3,3,3,3,3,2,2,2,2,5,3,60,KEEP
percentBar,10,2,2,2,3,3,3,2,3,2,2,5,3,60,KEEP
slopeTriangle,10,2,2,3,3,0,3,2,2,2,2,5,3,60,KEEP
percentChangeLab,9,1,2,3,3,3,3,3,3,2,2,5,3,60,KEEP
signedFractionLab,9,1,2,3,3,3,3,3,3,2,2,5,3,60,KEEP
transformExplore,9,2,2,3,3,3,3,2,2,2,2,5,3,60,KEEP
vectorExplore,9,2,3,3,3,0,3,2,2,2,2,5,3,60,KEEP
compoundEventLab,8,1,2,3,3,3,3,3,3,2,2,5,3,60,KEEP
accumulateArea,7,1,2,3,3,0,3,2,2,2,2,5,3,60,KEEP
argandExplore,7,2,2,3,3,0,3,2,3,2,2,5,3,60,KEEP
mixedRegroup,7,1,2,3,3,0,3,3,2,2,2,5,3,60,KEEP
quadDrag,7,2,3,2,3,3,3,2,3,2,2,5,3,60,KEEP
solidSliceLab,7,1,3,3,3,3,3,3,3,2,2,5,3,60,KEEP
lineExplore,6,2,2,3,3,3,3,2,3,2,2,5,3,60,KEEP
scaledCircleLab,6,2,2,3,3,3,3,3,3,2,2,5,3,60,KEEP
slopeField,6,1,2,3,3,0,3,2,2,2,2,5,3,60,KEEP
systemsExplore,6,2,2,3,3,3,3,1,3,2,2,5,3,60,POLISH
boxPlot,5,2,2,2,3,0,3,2,3,2,2,5,3,60,KEEP
circleAngleExplore,5,1,2,2,3,0,3,2,3,2,2,5,3,60,KEEP
conicLocusLab,5,1,3,3,3,3,3,3,3,2,2,5,3,60,KEEP
coordinateProofLab,5,1,3,3,3,3,3,3,3,2,2,5,3,60,KEEP
evalOrder,5,2,2,3,3,0,3,3,2,2,2,5,3,60,KEEP
sliceSum,5,1,2,3,3,0,3,2,2,2,2,5,3,60,KEEP
derivativeRuleLab,4,1,3,3,3,3,3,3,3,2,2,5,3,60,KEEP
fractionGrid,4,1,2,3,3,3,3,2,3,2,2,5,3,60,KEEP
integerChips,4,1,2,2,3,3,3,2,2,2,2,5,3,60,KEEP
matrixTransform,4,1,2,3,3,3,3,1,2,2,2,5,3,60,POLISH
polarTrace,4,1,2,3,3,0,3,2,2,2,2,5,3,60,KEEP
riemannSum,4,1,2,3,3,0,3,2,2,2,2,5,3,60,KEEP
absValueLine,3,1,1,2,3,0,3,2,3,4,1,5,3,60,REDESIGN
covariationScrubber,3,3,3,3,1,3,3,3,3,3,1,5,4,60,KEEP
fractionCompare,3,1,1,2,3,3,3,2,3,4,1,5,3,60,REDESIGN
doubleNumberLine,3,2,2,3,3,3,3,2,3,2,1,5,3,30,KEEP
lineRelationLab,3,2,3,3,3,3,3,3,3,2,1,5,3,30,KEEP
numberLineRay,3,2,2,3,3,3,3,3,3,2,1,5,3,30,KEEP
placeValue,3,2,2,2,3,0,3,2,2,2,1,5,3,30,KEEP
relatedRatesLab,3,1,3,3,3,3,3,3,3,2,1,5,3,30,KEEP
sampleSim,3,1,2,2,3,0,3,2,2,2,1,5,3,30,KEEP
taylorApprox,3,1,2,3,3,0,3,2,3,2,1,5,3,30,KEEP
extraneousRootLab,2,1,3,3,3,3,3,2,2,2,1,5,3,30,KEEP
rotationLab,2,1,3,3,3,0,3,2,3,2,1,5,3,30,KEEP
shuffleTest,2,1,2,2,3,0,3,2,2,2,1,5,3,30,KEEP
verticalLineScanner,2,2,3,3,3,3,3,3,3,2,1,5,3,30,KEEP
ciCapture,1,1,2,2,3,0,3,2,2,2,1,5,3,30,KEEP
elapsedTime,1,1,2,2,3,0,3,2,2,2,1,5,3,30,KEEP
fractionOfSet,1,1,2,2,3,0,3,2,2,2,1,5,3,30,KEEP
triangleClosureLab,1,1,3,3,3,3,3,3,3,2,1,5,3,30,KEEP
toggleExplore,0,0,1,2,1,0,3,2,2,4,1,5,1,20,DEPRECATE_CANDIDATE
radicalCheck,0,0,0,1,1,0,2,2,2,5,1,3,1,15,DEPRECATE_CANDIDATE
