# sourceSeal=b18c1fb seeds=3 — S242/GEN-03. A CENSUS, not a findings list: three detectors that
# tried to infer 'generic feedback' were 0/54 on hand-check and were removed. See the file header for
# each and why it failed. Only rule 3's explicitly-banned phrasings and cross-generator boilerplate
# are reported as findings; everything else here is a count.
generator,form,widgetType,code,where,seed,detail
"g1-data / g1-add-subtract / g1-counting-120","+2 more","","feedback-shape-shared-across-generators","","","5 generators share: that is # more than the requested value. recount the visible quantities and operation."
"g4-fractions / g4-decimals / g4-measure","+2 more","","feedback-shape-shared-across-generators","","","5 generators share: that result is # away from the correct value. recompute the stated operation from the learner-visible numbers."
"g2-fluency / g2-measure-money-time / g2-place-value-1000","+1 more","","feedback-shape-shared-across-generators","","","4 generators share: that is # more than the requested value. recheck each visible quantity and operation."
"g2-add-subtract-100 / g2-measure-money-time / g2-place-value-1000","+1 more","","feedback-shape-shared-across-generators","","","4 generators share: that choice does not match the visible quantities or relationship."
"a1-polynomials / a1-functions-sequences / a1-quadratics","+1 more","","feedback-shape-shared-across-generators","","","4 generators share: that result is # away from the requested value. recheck the algebraic relationship step by step."
"a2-transformations / a2-polynomials / a2-rationals","+1 more","","feedback-shape-shared-across-generators","","","4 generators share: this value comes from changing one operation or sign instead of preserving the stated relationship."
