lesson,step,widget,verdict,figure_key_present,figure_registered,withheld_in_queue,data_in_prompt,evidence
avp-01-03,ch1,numeric,DATA_INLINE,no,n/a,no,yes,"figure key absent on step ch1 (steps.6); not in ILLUSTRATION_REPLACEMENT queue for avp-01-03; prompt/options fully specify the numbers or relationships needed (""y = |x − h| + 1 has its vertex at x = 6. What is h?"") so it grades and is answerable without ever seeing an image -- 'the picture' is decorative wording, not a missing dependency."
avp-02-02,k3,mcq,DATA_INLINE,no,n/a,no,yes,"figure key absent on step k3 (steps.5); not in ILLUSTRATION_REPLACEMENT queue for avp-02-02; prompt/options fully specify the numbers or relationships needed (""Graphically, why does |x| = −2 have no solutions?"") so it grades and is answerable without ever seeing an image -- 'the picture' is decorative wording, not a missing dependency."
cx-01-01,k1,numeric,DATA_INLINE,no,n/a,no,yes,"figure key absent on step k1 (steps.2); not in ILLUSTRATION_REPLACEMENT queue for cx-01-01; prompt/options fully specify the numbers or relationships needed (""Compute the distance from A(1, 2) to B(7, 10)."") so it grades and is answerable without ever seeing an image -- 'the figure' is decorative wording, not a missing dependency."
cx-03-03,k2,numeric,DATA_INLINE,no,n/a,no,yes,"figure key absent on step k2 (steps.3); not in ILLUSTRATION_REPLACEMENT queue for cx-03-03; prompt/options fully specify the numbers or relationships needed (""Quadrilateral (0,0), (8,2), (10,8), (2,6) — the figure's own. Join the four side midpoints in order. Compute the slope of the side joining m"") so it grades and is answerable without ever seeing an image -- 'the figure' is decorative wording, not a missing dependency."
cx-03-03,k3,mcq,DATA_INLINE,no,n/a,no,yes,"figure key absent on step k3 (steps.4); not in ILLUSTRATION_REPLACEMENT queue for cx-03-03; prompt/options fully specify the numbers or relationships needed (""The figure shows each midpoint-parallelogram side parallel to a diagonal. Why does that prove Varignon for EVERY quadrilateral?"") so it grades and is answerable without ever seeing an image -- 'the figure' is decorative wording, not a missing dependency."
cx-05-02,k1,mcq,DATA_INLINE,no,n/a,no,yes,"figure key absent on step k1 (steps.1); not in ILLUSTRATION_REPLACEMENT queue for cx-05-02; prompt/options fully specify the numbers or relationships needed (""Against the figure's circle (x − 3)² + (y − 2)² = 25, the point (7, 2) is:"") so it grades and is answerable without ever seeing an image -- 'the figure' is decorative wording, not a missing dependency."
cx-05-03,k1,numeric,DATA_INLINE,no,n/a,no,yes,"figure key absent on step k1 (steps.1); not in ILLUSTRATION_REPLACEMENT queue for cx-05-03; prompt/options fully specify the numbers or relationships needed (""Complete the square on x² + y² − 6x − 4y − 12 = 0. The right side becomes r² = ?"") so it grades and is answerable without ever seeing an image -- 'the figure' is decorative wording, not a missing dependency."
ca-04-03,k1,mcq,DATA_INLINE,no,n/a,no,yes,"figure key absent on step k1 (steps.2); not in ILLUSTRATION_REPLACEMENT queue for ca-04-03; prompt/options fully specify the numbers or relationships needed (""The graph of f′ crosses the axis from ABOVE to BELOW at x = 2. What is at x = 2 on the graph of f?"") so it grades and is answerable without ever seeing an image -- 'the graph' is decorative wording, not a missing dependency."
ca-04-03,k2,mcq,DATA_INLINE,no,n/a,no,yes,"figure key absent on step k2 (steps.3); not in ILLUSTRATION_REPLACEMENT queue for ca-04-03; prompt/options fully specify the numbers or relationships needed (""The graph of f′ has a MAXIMUM at x = 1 (it peaks and comes back down, staying positive). What is at x = 1 on f?"") so it grades and is answerable without ever seeing an image -- 'the graph' is decorative wording, not a missing dependency."
dm-01-01,k1,numeric,NO_FIGURE_AUTHORED,no,n/a,no,no,"Widget answer=3 (""the stack above 8 has 3 dots"") is stated only in explanationVariants/fallbackFeedback, revealed AFTER answering; prompt ""On this plot, how many students scored an 8?"" gives no dot-plot data at all -- unanswerable without an actual rendered plot."
dd-02-01,k1,numeric,DATA_INLINE,no,n/a,no,yes,"figure key absent on step k1 (steps.3); not in ILLUSTRATION_REPLACEMENT queue for dd-02-01; prompt/options fully specify the numbers or relationships needed (""Add up ALL the dots in the pets plot (stacks of 1, 2, 3, 1, 1). How many students does the plot show?"") so it grades and is answerable without ever seeing an image -- 'the plot' is decorative wording, not a missing dependency."
dd-02-01,ch1,numeric,DATA_INLINE,no,n/a,no,yes,"figure key absent on step ch1 (steps.8); not in ILLUSTRATION_REPLACEMENT queue for dd-02-01; prompt/options fully specify the numbers or relationships needed (""In the reading plot (2 dots over 10, 3 over 15, 2 over 20, 1 over 25), how many students read MORE than 15 minutes?"") so it grades and is answerable without ever seeing an image -- 'the plot' is decorative wording, not a missing dependency."
dd-02-03,k1,mcq,DATA_INLINE,no,n/a,no,yes,"figure key absent on step k1 (steps.2); not in ILLUSTRATION_REPLACEMENT queue for dd-02-03; prompt/options fully specify the numbers or relationships needed (""The plot of 1,2,2,3,3,3,4,4,5 peaks at 3, with 3 dots below the peak and 3 above. What's its shape?"") so it grades and is answerable without ever seeing an image -- 'the plot' is decorative wording, not a missing dependency."
dd-02-03,k2,mcq,DATA_INLINE,no,n/a,no,yes,"figure key absent on step k2 (steps.4); not in ILLUSTRATION_REPLACEMENT queue for dd-02-03; prompt/options fully specify the numbers or relationships needed (""In the plot of 1,1,1,2,2,3,4,8 — what is the 8?"") so it grades and is answerable without ever seeing an image -- 'the plot' is decorative wording, not a missing dependency."
dd-04b-01,k1,numeric,DATA_INLINE,no,n/a,no,yes,"figure key absent on step k1 (steps.2); not in ILLUSTRATION_REPLACEMENT queue for dd-04b-01; prompt/options fully specify the numbers or relationships needed (""A box plot has its whisker starting at 2, box edges at 7 and 16, median line at 12, and whisker ending at 20. What is Q1?"") so it grades and is answerable without ever seeing an image -- 'the picture' is decorative wording, not a missing dependency."
g2g-02-01,k1,numeric,DATA_INLINE,no,n/a,no,yes,"figure key absent on step k1 (steps.2); not in ILLUSTRATION_REPLACEMENT queue for g2g-02-01; prompt/options fully specify the numbers or relationships needed (""The picture graph shows 8 shells pictures for Tuesday. Each picture equals 1 shell. How many shells on Tuesday?"") so it grades and is answerable without ever seeing an image -- 'the picture' is decorative wording, not a missing dependency."
g2g-02-01,k2,numeric,DATA_INLINE,no,n/a,no,yes,"figure key absent on step k2 (steps.5); not in ILLUSTRATION_REPLACEMENT queue for g2g-02-01; prompt/options fully specify the numbers or relationships needed (""The picture graph shows 5 pinecones pictures for Tuesday. Each picture equals 1 find. How many finds on Tuesday?"") so it grades and is answerable without ever seeing an image -- 'the picture' is decorative wording, not a missing dependency."
g2g-02-01,ch1,numeric,DATA_INLINE,no,n/a,no,yes,"figure key absent on step ch1 (steps.7); not in ILLUSTRATION_REPLACEMENT queue for g2g-02-01; prompt/options fully specify the numbers or relationships needed (""The picture graph shows 4 apples pictures for Thursday. Each picture equals 1 vote. How many votes on Thursday?"") so it grades and is answerable without ever seeing an image -- 'the picture' is decorative wording, not a missing dependency."
g2g-02-02,k1,numeric,DATA_INLINE,no,n/a,no,yes,"figure key absent on step k1 (steps.2); not in ILLUSTRATION_REPLACEMENT queue for g2g-02-02; prompt/options fully specify the numbers or relationships needed (""The picture graph shows 5 stickers pictures for Wednesday. Each picture equals 1 sticker. How many stickers on Wednesday?"") so it grades and is answerable without ever seeing an image -- 'the picture' is decorative wording, not a missing dependency."
g2g-02-02,k3,numeric,DATA_INLINE,no,n/a,no,yes,"figure key absent on step k3 (steps.6); not in ILLUSTRATION_REPLACEMENT queue for g2g-02-02; prompt/options fully specify the numbers or relationships needed (""The picture graph shows 9 stickers pictures for Monday. Each picture equals 1 sticker. How many stickers on Monday?"") so it grades and is answerable without ever seeing an image -- 'the picture' is decorative wording, not a missing dependency."
exp-04-01,i1,expLogExplore,FIGURE_PRESENT_FALSE_POSITIVE,no,n/a,no,n/a,"widget.type=expLogExplore; ExpLogExploreW (src/components/widgets.tsx ~L2334) renders its own <svg> curve (expPath/logPath via a `curve()` builder) directly in the widget body -- the step does draw a diagram, just not through the `figure` field/FigureView path the detector checked."
exp-04-01,i3,numeric,DATA_INLINE,no,n/a,no,yes,"figure key absent on step i3 (steps.6); not in ILLUSTRATION_REPLACEMENT queue for exp-04-01; prompt/options fully specify the numbers or relationships needed (""The graph of f(x) = 7 * 2^x has what y-intercept?"") so it grades and is answerable without ever seeing an image -- 'the graph' is decorative wording, not a missing dependency."
exp-04-01,k2,mcq,DATA_INLINE,no,n/a,no,yes,"figure key absent on step k2 (steps.7); not in ILLUSTRATION_REPLACEMENT queue for exp-04-01; prompt/options fully specify the numbers or relationships needed (""Which describes the graph of f(x) = 6 * (1/2)^x?"") so it grades and is answerable without ever seeing an image -- 'the graph' is decorative wording, not a missing dependency."
exp-04-01,ch1,exactNumberLab,DATA_INLINE,no,n/a,no,yes,"figure key absent on step ch1 (steps.9); not in ILLUSTRATION_REPLACEMENT queue for exp-04-01; prompt/options fully specify the numbers or relationships needed (""The graph of f(x) = 4 * 5^x crosses the y-axis at what value?"") so it grades and is answerable without ever seeing an image -- 'the graph' is decorative wording, not a missing dependency."
ee-05-02,k2,buildExpression,DATA_INLINE,no,n/a,no,yes,"figure key absent on step k2 (steps.4); not in ILLUSTRATION_REPLACEMENT queue for ee-05-02; prompt/options fully specify the numbers or relationships needed (""A number line shows a CLOSED circle at 4 with the arrow pointing RIGHT. Which inequality does this graph?"") so it grades and is answerable without ever seeing an image -- 'the this graph' is decorative wording, not a missing dependency."
ee-05-02,k3,mcq,DATA_INLINE,no,n/a,no,yes,"figure key absent on step k3 (steps.6); not in ILLUSTRATION_REPLACEMENT queue for ee-05-02; prompt/options fully specify the numbers or relationships needed (""The graph shows x < 0 (open circle at 0, arrow left). Does x = -3 satisfy it?"") so it grades and is answerable without ever seeing an image -- 'the graph' is decorative wording, not a missing dependency."
ee-05-02,ch1,mcq,DATA_INLINE,no,n/a,no,yes,"figure key absent on step ch1 (steps.7); not in ILLUSTRATION_REPLACEMENT queue for ee-05-02; prompt/options fully specify the numbers or relationships needed (""A cooler holds 'at most 8' drinks: w ≤ 8. On the graph (closed circle at 8, arrow left), does w = 8 itself satisfy the inequality?"") so it grades and is answerable without ever seeing an image -- 'the graph' is decorative wording, not a missing dependency."
g5f-02-02,k2,mcq,DATA_INLINE,no,n/a,no,yes,"figure key absent on step k2 (steps.5); not in ILLUSTRATION_REPLACEMENT queue for g5f-02-02; prompt/options fully specify the numbers or relationships needed (""To model 3 ÷ 1/4, what does the picture show?"") so it grades and is answerable without ever seeing an image -- 'the picture' is decorative wording, not a missing dependency."
g5f-02-03,k1,mcq,DATA_INLINE,no,n/a,no,yes,"figure key absent on step k1 (steps.2); not in ILLUSTRATION_REPLACEMENT queue for g5f-02-03; prompt/options fully specify the numbers or relationships needed (""To model 3 ÷ 1/4, what does the picture show?"") so it grades and is answerable without ever seeing an image -- 'the picture' is decorative wording, not a missing dependency."
g5f-02-03,ch1,mcq,DATA_INLINE,no,n/a,no,yes,"figure key absent on step ch1 (steps.7); not in ILLUSTRATION_REPLACEMENT queue for g5f-02-03; prompt/options fully specify the numbers or relationships needed (""To model 3 ÷ 1/4, what does the picture show?"") so it grades and is answerable without ever seeing an image -- 'the picture' is decorative wording, not a missing dependency."
fna-01-02,k2,mcq,DATA_INLINE,no,n/a,no,yes,"figure key absent on step k2 (steps.4); not in ILLUSTRATION_REPLACEMENT queue for fna-01-02; prompt/options fully specify the numbers or relationships needed (""A secant through two points on a curve is perfectly horizontal. What does that say about the function on that interval?"") so it grades and is answerable without ever seeing an image -- 'the picture' is decorative wording, not a missing dependency."
fna-03-01,k3,mcq,DATA_INLINE,no,n/a,no,yes,"figure key absent on step k3 (steps.5); not in ILLUSTRATION_REPLACEMENT queue for fna-03-01; prompt/options fully specify the numbers or relationships needed (""A graph is symmetric about the y-axis. What must be true?"") so it grades and is answerable without ever seeing an image -- 'the picture' is decorative wording, not a missing dependency."
ft-02-01,k1,numeric,DATA_INLINE,no,n/a,no,yes,"figure key absent on step k1 (steps.3); not in ILLUSTRATION_REPLACEMENT queue for ft-02-01; prompt/options fully specify the numbers or relationships needed (""On the graph of y = x² − 4, what is y when x = 3?"") so it grades and is answerable without ever seeing an image -- 'the graph' is decorative wording, not a missing dependency."
ft-02-01,i2,mcq,DATA_INLINE,no,n/a,no,yes,"figure key absent on step i2 (steps.4); not in ILLUSTRATION_REPLACEMENT queue for ft-02-01; prompt/options fully specify the numbers or relationships needed (""Which rule moves the graph of y = |x| DOWN 7 units?"") so it grades and is answerable without ever seeing an image -- 'the graph' is decorative wording, not a missing dependency."
ft-02-01,k3,mcq,DATA_INLINE,no,n/a,no,yes,"figure key absent on step k3 (steps.6); not in ILLUSTRATION_REPLACEMENT queue for ft-02-01; prompt/options fully specify the numbers or relationships needed (""Compared to y = √x, the graph of y = √x + 3 is moved…"") so it grades and is answerable without ever seeing an image -- 'the graph' is decorative wording, not a missing dependency."
ft-02-01,ch1,numeric,DATA_INLINE,no,n/a,no,yes,"figure key absent on step ch1 (steps.7); not in ILLUSTRATION_REPLACEMENT queue for ft-02-01; prompt/options fully specify the numbers or relationships needed (""On the graph of y = x³ − 6, what is y when x = 2?"") so it grades and is answerable without ever seeing an image -- 'the graph' is decorative wording, not a missing dependency."
ft-02-02,k3,numeric,DATA_INLINE,no,n/a,no,yes,"figure key absent on step k3 (steps.6); not in ILLUSTRATION_REPLACEMENT queue for ft-02-02; prompt/options fully specify the numbers or relationships needed (""On the graph of y = (x − 4)², what is y when x = 6?"") so it grades and is answerable without ever seeing an image -- 'the graph' is decorative wording, not a missing dependency."
ft-02-02,ch1,numeric,DATA_INLINE,no,n/a,no,yes,"figure key absent on step ch1 (steps.7); not in ILLUSTRATION_REPLACEMENT queue for ft-02-02; prompt/options fully specify the numbers or relationships needed (""On the graph of y = |x − 5|, what is y when x = 1?"") so it grades and is answerable without ever seeing an image -- 'the graph' is decorative wording, not a missing dependency."
ft-02-02,r1,(none),NO_FIGURE_AUTHORED,no,n/a,no,n/a,"kind=recap, no widget/prompt; body text ('Inside numbers move the graph sideways...') references 'the graph' narratively but no figure key was ever authored on this or a rendering-eligible step; not a gradable item so no data-in-prompt question applies."
ft-03-01,k1,mcq,DATA_INLINE,no,n/a,no,yes,"figure key absent on step k1 (steps.3); not in ILLUSTRATION_REPLACEMENT queue for ft-03-01; prompt/options fully specify the numbers or relationships needed (""What does the graph of y = −|x| look like?"") so it grades and is answerable without ever seeing an image -- 'the graph' is decorative wording, not a missing dependency."
ft-03-01,i2,numeric,DATA_INLINE,no,n/a,no,yes,"figure key absent on step i2 (steps.4); not in ILLUSTRATION_REPLACEMENT queue for ft-03-01; prompt/options fully specify the numbers or relationships needed (""On the graph of y = √(−x), what is y when x = −9?"") so it grades and is answerable without ever seeing an image -- 'the graph' is decorative wording, not a missing dependency."
ft-03-01,k2,numeric,DATA_INLINE,no,n/a,no,yes,"figure key absent on step k2 (steps.5); not in ILLUSTRATION_REPLACEMENT queue for ft-03-01; prompt/options fully specify the numbers or relationships needed (""On the graph of y = −x³, what is y when x = 2?"") so it grades and is answerable without ever seeing an image -- 'the graph' is decorative wording, not a missing dependency."
ft-03-01,ch1,numeric,DATA_INLINE,no,n/a,no,yes,"figure key absent on step ch1 (steps.7); not in ILLUSTRATION_REPLACEMENT queue for ft-03-01; prompt/options fully specify the numbers or relationships needed (""The point (2, 4) sits on y = x². On the graph of y = −x², what is y at x = 2?"") so it grades and is answerable without ever seeing an image -- 'the graph' is decorative wording, not a missing dependency."
ft-03-02,k1,numeric,DATA_INLINE,no,n/a,no,yes,"figure key absent on step k1 (steps.3); not in ILLUSTRATION_REPLACEMENT queue for ft-03-02; prompt/options fully specify the numbers or relationships needed (""On the graph of y = ½x², what is y when x = 4?"") so it grades and is answerable without ever seeing an image -- 'the graph' is decorative wording, not a missing dependency."
ft-03-02,i2,mcq,DATA_INLINE,no,n/a,no,yes,"figure key absent on step i2 (steps.4); not in ILLUSTRATION_REPLACEMENT queue for ft-03-02; prompt/options fully specify the numbers or relationships needed (""Compared to y = |x|, the graph of y = 4|x| is…"") so it grades and is answerable without ever seeing an image -- 'the graph' is decorative wording, not a missing dependency."
ft-03-02,k2,numeric,DATA_INLINE,no,n/a,no,yes,"figure key absent on step k2 (steps.5); not in ILLUSTRATION_REPLACEMENT queue for ft-03-02; prompt/options fully specify the numbers or relationships needed (""On the graph of y = 2√x, what is y when x = 9?"") so it grades and is answerable without ever seeing an image -- 'the graph' is decorative wording, not a missing dependency."
ft-03-02,ch1,numeric,DATA_INLINE,no,n/a,no,yes,"figure key absent on step ch1 (steps.7); not in ILLUSTRATION_REPLACEMENT queue for ft-03-02; prompt/options fully specify the numbers or relationships needed (""On the graph of y = −2x², what is y when x = 3?"") so it grades and is answerable without ever seeing an image -- 'the graph' is decorative wording, not a missing dependency."
ft-03-03,k2,numeric,DATA_INLINE,no,n/a,no,yes,"figure key absent on step k2 (steps.5); not in ILLUSTRATION_REPLACEMENT queue for ft-03-03; prompt/options fully specify the numbers or relationships needed (""On the graph of y = −2(x − 1)² + 8, what is y when x = 3?"") so it grades and is answerable without ever seeing an image -- 'the graph' is decorative wording, not a missing dependency."
ft-03-03,ch1,numeric,DATA_INLINE,no,n/a,no,yes,"figure key absent on step ch1 (steps.7); not in ILLUSTRATION_REPLACEMENT queue for ft-03-03; prompt/options fully specify the numbers or relationships needed (""On the graph of y = 3(x + 2)² − 5, what is y when x = 0?"") so it grades and is answerable without ever seeing an image -- 'the graph' is decorative wording, not a missing dependency."
gf-03-02,i1,mcq,DATA_INLINE,no,n/a,no,yes,"figure key absent on step i1 (steps.1); not in ILLUSTRATION_REPLACEMENT queue for gf-03-02; prompt/options fully specify the numbers or relationships needed (""What is the image of (3, 7) reflected over the x-axis?"") so it grades and is answerable without ever seeing an image -- 'the image' is decorative wording, not a missing dependency."
gf-03-02,k1,numeric,DATA_INLINE,no,n/a,no,yes,"figure key absent on step k1 (steps.2); not in ILLUSTRATION_REPLACEMENT queue for gf-03-02; prompt/options fully specify the numbers or relationships needed (""Reflect (−4, 6) over the y-axis. What is the image's x-coordinate?"") so it grades and is answerable without ever seeing an image -- 'the image' is decorative wording, not a missing dependency."
gf-03-02,k3,numeric,DATA_INLINE,no,n/a,no,yes,"figure key absent on step k3 (steps.7); not in ILLUSTRATION_REPLACEMENT queue for gf-03-02; prompt/options fully specify the numbers or relationships needed (""Reflect (7, 3) over the line y = x. What is the image's x-coordinate?"") so it grades and is answerable without ever seeing an image -- 'the image' is decorative wording, not a missing dependency."
gf-03-03,i1,mcq,DATA_INLINE,no,n/a,no,yes,"figure key absent on step i1 (steps.1); not in ILLUSTRATION_REPLACEMENT queue for gf-03-03; prompt/options fully specify the numbers or relationships needed (""What is the image of (3, 5) rotated 180° about the origin?"") so it grades and is answerable without ever seeing an image -- 'the image' is decorative wording, not a missing dependency."
gf-03-03,k1,numeric,DATA_INLINE,no,n/a,no,yes,"figure key absent on step k1 (steps.2); not in ILLUSTRATION_REPLACEMENT queue for gf-03-03; prompt/options fully specify the numbers or relationships needed (""Rotate (4, 1) by 90° counterclockwise about the origin. What is the image's y-coordinate?"") so it grades and is answerable without ever seeing an image -- 'the image' is decorative wording, not a missing dependency."
gf-03-03,k2,numeric,DATA_INLINE,no,n/a,no,yes,"figure key absent on step k2 (steps.5); not in ILLUSTRATION_REPLACEMENT queue for gf-03-03; prompt/options fully specify the numbers or relationships needed (""Rotate (1, 7) by 270° counterclockwise about the origin. What is the image's y-coordinate?"") so it grades and is answerable without ever seeing an image -- 'the image' is decorative wording, not a missing dependency."
la-01-03,i1,matchPairs,DATA_INLINE,no,n/a,no,yes,"figure key absent on step i1 (steps.1); not in ILLUSTRATION_REPLACEMENT queue for la-01-03; prompt/options fully specify the numbers or relationships needed (""A figure has point A, ray AB, ray AC, and angle BAC. Match each label to what it is."") so it grades and is answerable without ever seeing an image -- 'the figure' is decorative wording, not a missing dependency."
la-03-03,ch1,mcq,DATA_INLINE,no,n/a,no,yes,"figure key absent on step ch1 (steps.7); not in ILLUSTRATION_REPLACEMENT queue for la-03-03; prompt/options fully specify the numbers or relationships needed (""A picture frame has corners measuring 90°, 90°, 90°, and 88°. Is it a true rectangle?"") so it grades and is answerable without ever seeing an image -- 'the picture' is decorative wording, not a missing dependency."
lg-01-03,i2,mcq,DATA_INLINE,no,n/a,no,yes,"figure key absent on step i2 (steps.4); not in ILLUSTRATION_REPLACEMENT queue for lg-01-03; prompt/options fully specify the numbers or relationships needed (""Where does y = log₂ x cross the x-axis?"") so it grades and is answerable without ever seeing an image -- 'the graph' is decorative wording, not a missing dependency."
lg-01-03,k3,mcq,DATA_INLINE,no,n/a,no,yes,"figure key absent on step k3 (steps.6); not in ILLUSTRATION_REPLACEMENT queue for lg-01-03; prompt/options fully specify the numbers or relationships needed (""For large x, the graph of y = log₂ x:"") so it grades and is answerable without ever seeing an image -- 'the graph' is decorative wording, not a missing dependency."
mc-05-02,k2,numeric,DATA_INLINE,no,n/a,no,yes,"figure key absent on step k2 (steps.4); not in ILLUSTRATION_REPLACEMENT queue for mc-05-02; prompt/options fully specify the numbers or relationships needed (""A line plot has 3 marks at 1/2, 1 mark at 3/4, and 1 mark at 5/8. How many measurements are on the plot in all?"") so it grades and is answerable without ever seeing an image -- 'the plot' is decorative wording, not a missing dependency."
mc-05-03,i1,numeric,DATA_INLINE,no,n/a,no,yes,"figure key absent on step i1 (steps.1); not in ILLUSTRATION_REPLACEMENT queue for mc-05-03; prompt/options fully specify the numbers or relationships needed (""Using the button-width plot (1/4×2, 3/8×1, 1/2×3, 5/8×1, 3/4×1), how many buttons measured MORE than 1/2 inch?"") so it grades and is answerable without ever seeing an image -- 'the plot' is decorative wording, not a missing dependency."
mmt-05-01,k1,numeric,DATA_INLINE,no,n/a,no,yes,"figure key absent on step k1 (steps.2); not in ILLUSTRATION_REPLACEMENT queue for mmt-05-01; prompt/options fully specify the numbers or relationships needed (""The picture graph shows 7 apple pictures for Tuesday. Each picture equals 1 vote. How many votes on Tuesday?"") so it grades and is answerable without ever seeing an image -- 'the picture' is decorative wording, not a missing dependency."
mmt-05-01,k2,numeric,DATA_INLINE,no,n/a,no,yes,"figure key absent on step k2 (steps.7); not in ILLUSTRATION_REPLACEMENT queue for mmt-05-01; prompt/options fully specify the numbers or relationships needed (""The picture graph shows 5 apple pictures for Friday. Each picture equals 1 vote. How many votes on Friday?"") so it grades and is answerable without ever seeing an image -- 'the picture' is decorative wording, not a missing dependency."
mmt-05-01,k3,numeric,DATA_INLINE,no,n/a,no,yes,"figure key absent on step k3 (steps.8); not in ILLUSTRATION_REPLACEMENT queue for mmt-05-01; prompt/options fully specify the numbers or relationships needed (""The picture graph shows 0 apple pictures for Saturday. Each picture equals 1 vote. How many votes on Saturday?"") so it grades and is answerable without ever seeing an image -- 'the picture' is decorative wording, not a missing dependency."
mmt-05-01,ch1,numeric,DATA_INLINE,no,n/a,no,yes,"figure key absent on step ch1 (steps.9); not in ILLUSTRATION_REPLACEMENT queue for mmt-05-01; prompt/options fully specify the numbers or relationships needed (""The picture graph shows 12 apple pictures for Sunday. Each picture equals 1 vote. How many votes on Sunday?"") so it grades and is answerable without ever seeing an image -- 'the picture' is decorative wording, not a missing dependency."
mmt-05-01,r1,(none),NO_FIGURE_AUTHORED,no,n/a,no,n/a,"kind=recap, no widget/prompt; body text ('When each picture equals 1...') references 'the picture' narratively; no figure key authored; not a gradable item."
md-03-03,i2,dragBucket,DATA_INLINE,no,n/a,no,yes,"figure key absent on step i2 (steps.5); not in ILLUSTRATION_REPLACEMENT queue for md-03-03; prompt/options fully specify the numbers or relationships needed (""Graph: apples 5, bananas 8, grapes 5, pears 2. Sort each statement."") so it grades and is answerable without ever seeing an image -- 'the this graph' is decorative wording, not a missing dependency."
mult-01-04,k1,mcq,DATA_INLINE,no,n/a,no,yes,"figure key absent on step k1 (steps.2); not in ILLUSTRATION_REPLACEMENT queue for mult-01-04; prompt/options fully specify the numbers or relationships needed (""A number line shows a rabbit making 4 hops of 5, starting at 0. Which multiplication matches the picture?"") so it grades and is answerable without ever seeing an image -- 'the picture' is decorative wording, not a missing dependency."
ns-01-01,i2,matchPairs,DATA_INLINE,no,n/a,no,yes,"figure key absent on step i2 (steps.5); not in ILLUSTRATION_REPLACEMENT queue for ns-01-01; prompt/options fully specify the numbers or relationships needed (""Match each 'how many fit' question to its answer."") so it grades and is answerable without ever seeing an image -- 'the picture' is decorative wording, not a missing dependency."
pf-02-02,k1,mcq,DATA_INLINE,no,n/a,no,yes,"figure key absent on step k1 (steps.3); not in ILLUSTRATION_REPLACEMENT queue for pf-02-02; prompt/options fully specify the numbers or relationships needed (""In f(x) = (x + 1)³(x − 2)², what does the graph do at x = −1?"") so it grades and is answerable without ever seeing an image -- 'the graph' is decorative wording, not a missing dependency."
pf-02-02,ch1,mcq,DATA_INLINE,no,n/a,no,yes,"figure key absent on step ch1 (steps.7); not in ILLUSTRATION_REPLACEMENT queue for pf-02-02; prompt/options fully specify the numbers or relationships needed (""For f(x) = x²(x − 4), what does the graph do at its zeros?"") so it grades and is answerable without ever seeing an image -- 'the graph' is decorative wording, not a missing dependency."
pf-05-01,k1,buildExpression,DATA_INLINE,no,n/a,no,yes,"figure key absent on step k1 (steps.3); not in ILLUSTRATION_REPLACEMENT queue for pf-05-01; prompt/options fully specify the numbers or relationships needed (""For f(x) = (x + 2)(x − 1)², what does the graph do at its zeros?"") so it grades and is answerable without ever seeing an image -- 'the graph' is decorative wording, not a missing dependency."
pf-05-01,k3,mcq,DATA_INLINE,no,n/a,no,yes,"figure key absent on step k3 (steps.6); not in ILLUSTRATION_REPLACEMENT queue for pf-05-01; prompt/options fully specify the numbers or relationships needed (""For g(x) = (x − 3)(x + 3) · x², what does the graph do at x = 0?"") so it grades and is answerable without ever seeing an image -- 'the graph' is decorative wording, not a missing dependency."
pr-03-02,i2,numeric,DATA_INLINE,no,n/a,no,yes,"figure key absent on step i2 (steps.4); not in ILLUSTRATION_REPLACEMENT queue for pr-03-02; prompt/options fully specify the numbers or relationships needed (""The graphed point (1, 6) represents a proportional relationship. What is the unit rate?"") so it grades and is answerable without ever seeing an image -- 'the graphed' is decorative wording, not a missing dependency."
pr-03-02,i3,numeric,DATA_INLINE,no,n/a,no,yes,"figure key absent on step i3 (steps.6); not in ILLUSTRATION_REPLACEMENT queue for pr-03-02; prompt/options fully specify the numbers or relationships needed (""The graphed point (4, 20) represents a proportional relationship. What is the unit rate?"") so it grades and is answerable without ever seeing an image -- 'the graphed' is decorative wording, not a missing dependency."
pr-03-02,k3,numeric,DATA_INLINE,no,n/a,no,yes,"figure key absent on step k3 (steps.8); not in ILLUSTRATION_REPLACEMENT queue for pr-03-02; prompt/options fully specify the numbers or relationships needed (""The graphed point (3, 18) represents a proportional relationship. What is the unit rate?"") so it grades and is answerable without ever seeing an image -- 'the graphed' is decorative wording, not a missing dependency."
pr-03-02,ch1,numeric,DATA_INLINE,no,n/a,no,yes,"figure key absent on step ch1 (steps.9); not in ILLUSTRATION_REPLACEMENT queue for pr-03-02; prompt/options fully specify the numbers or relationships needed (""The graphed point (8, 24) represents a proportional relationship. What is the unit rate?"") so it grades and is answerable without ever seeing an image -- 'the graphed' is decorative wording, not a missing dependency."
pr-03-03,i1,numeric,DATA_INLINE,no,n/a,no,yes,"figure key absent on step i1 (steps.1); not in ILLUSTRATION_REPLACEMENT queue for pr-03-03; prompt/options fully specify the numbers or relationships needed (""The graphed point (4, 20) represents a car trip. What is the rate?"") so it grades and is answerable without ever seeing an image -- 'the graphed' is decorative wording, not a missing dependency."
pr-03-03,k1,numeric,DATA_INLINE,no,n/a,no,yes,"figure key absent on step k1 (steps.2); not in ILLUSTRATION_REPLACEMENT queue for pr-03-03; prompt/options fully specify the numbers or relationships needed (""The graphed point (2, 18) represents a recipe. What is the rate?"") so it grades and is answerable without ever seeing an image -- 'the graphed' is decorative wording, not a missing dependency."
pr-03-03,i3,numeric,DATA_INLINE,no,n/a,no,yes,"figure key absent on step i3 (steps.6); not in ILLUSTRATION_REPLACEMENT queue for pr-03-03; prompt/options fully specify the numbers or relationships needed (""The graphed point (6, 24) represents a walking trip. What is the rate?"") so it grades and is answerable without ever seeing an image -- 'the graphed' is decorative wording, not a missing dependency."
pr-03-03,k2,numeric,DATA_INLINE,no,n/a,no,yes,"figure key absent on step k2 (steps.7); not in ILLUSTRATION_REPLACEMENT queue for pr-03-03; prompt/options fully specify the numbers or relationships needed (""The graphed point (5, 35) represents a factory's output. What is the rate?"") so it grades and is answerable without ever seeing an image -- 'the graphed' is decorative wording, not a missing dependency."
pr-03-03,ch1,numeric,DATA_INLINE,no,n/a,no,yes,"figure key absent on step ch1 (steps.9); not in ILLUSTRATION_REPLACEMENT queue for pr-03-03; prompt/options fully specify the numbers or relationships needed (""The graphed point (6, 42) represents a delivery route's distance over time. What is the rate?"") so it grades and is answerable without ever seeing an image -- 'the graphed' is decorative wording, not a missing dependency."
qu-01-03,i1,mcq,DATA_INLINE,no,n/a,no,yes,"figure key absent on step i1 (steps.1); not in ILLUSTRATION_REPLACEMENT queue for qu-01-03; prompt/options fully specify the numbers or relationships needed (""Compared with y = x^2, the graph of y = 3x^2 is..."") so it grades and is answerable without ever seeing an image -- 'the graph' is decorative wording, not a missing dependency."
qu-01-03,k3,mcq,DATA_INLINE,no,n/a,no,yes,"figure key absent on step k3 (steps.9); not in ILLUSTRATION_REPLACEMENT queue for qu-01-03; prompt/options fully specify the numbers or relationships needed (""The graph of y = (x - 3)^2 - 4 is y = x^2 shifted how?"") so it grades and is answerable without ever seeing an image -- 'the graph' is decorative wording, not a missing dependency."
re-03-01,k3,mcq,DATA_INLINE,no,n/a,no,yes,"figure key absent on step k3 (steps.6); not in ILLUSTRATION_REPLACEMENT queue for re-03-01; prompt/options fully specify the numbers or relationships needed (""Which point is NOT on the graph of f(x) = √x?"") so it grades and is answerable without ever seeing an image -- 'the graph' is decorative wording, not a missing dependency."
re-03-02,k3,mcq,DATA_INLINE,no,n/a,no,yes,"figure key absent on step k3 (steps.6); not in ILLUSTRATION_REPLACEMENT queue for re-03-02; prompt/options fully specify the numbers or relationships needed (""Where does the graph of f(x) = √(x − 3) START?"") so it grades and is answerable without ever seeing an image -- 'the graph' is decorative wording, not a missing dependency."
sy-01-01,i2,mcq,DATA_INLINE,no,n/a,no,yes,"figure key absent on step i2 (steps.4); not in ILLUSTRATION_REPLACEMENT queue for sy-01-01; prompt/options fully specify the numbers or relationships needed (""A dilation has scale factor k = ½. The image is…"") so it grades and is answerable without ever seeing an image -- 'the image' is decorative wording, not a missing dependency."
sy-06-01,k1,numeric,DATA_INLINE,no,n/a,no,yes,"figure key absent on step k1 (steps.2); not in ILLUSTRATION_REPLACEMENT queue for sy-06-01; prompt/options fully specify the numbers or relationships needed (""The rectangle's bottom side is 3 units long. After dilating by k = 2, how long is the image's bottom side?"") so it grades and is answerable without ever seeing an image -- 'the image' is decorative wording, not a missing dependency."
sg-03-02,i2,mcq,DATA_INLINE,no,n/a,no,yes,"figure key absent on step i2 (steps.5); not in ILLUSTRATION_REPLACEMENT queue for sg-03-02; prompt/options fully specify the numbers or relationships needed (""The figure shows the cone inside its matching cylinder. The space BETWEEN them (cylinder minus cone) holds:"") so it grades and is answerable without ever seeing an image -- 'the figure' is decorative wording, not a missing dependency."
alg1-04-01,k3,mcq,DATA_INLINE,no,n/a,no,yes,"figure key absent on step k3 (steps.6); not in ILLUSTRATION_REPLACEMENT queue for alg1-04-01; prompt/options fully specify the numbers or relationships needed (""The graph of x < 4 has its arrow pointing which way?"") so it grades and is answerable without ever seeing an image -- 'the graph' is decorative wording, not a missing dependency."
tm-01-02,i1,mcq,DATA_INLINE,no,n/a,no,yes,"figure key absent on step i1 (steps.2); not in ILLUSTRATION_REPLACEMENT queue for tm-01-02; prompt/options fully specify the numbers or relationships needed (""Reflect the point (3, 5) across the x-axis. What is the image?"") so it grades and is answerable without ever seeing an image -- 'the image' is decorative wording, not a missing dependency."
tm-01-03,i1,mcq,DATA_INLINE,no,n/a,no,yes,"figure key absent on step i1 (steps.1); not in ILLUSTRATION_REPLACEMENT queue for tm-01-03; prompt/options fully specify the numbers or relationships needed (""Rotate (2, 3) by 180° around the origin. What is the image?"") so it grades and is answerable without ever seeing an image -- 'the image' is decorative wording, not a missing dependency."
tm-01-03,i2,mcq,DATA_INLINE,no,n/a,no,yes,"figure key absent on step i2 (steps.4); not in ILLUSTRATION_REPLACEMENT queue for tm-01-03; prompt/options fully specify the numbers or relationships needed (""Rotate (−5, 2) by 180° around the origin. What is the image?"") so it grades and is answerable without ever seeing an image -- 'the image' is decorative wording, not a missing dependency."
tm-01b-01,ch1,numeric,DATA_INLINE,no,n/a,no,yes,"figure key absent on step ch1 (steps.7); not in ILLUSTRATION_REPLACEMENT queue for tm-01b-01; prompt/options fully specify the numbers or relationships needed (""Under (x, y) → (x − 2, y + 6), a point lands at (3, 10). What was its original x-coordinate?"") so it grades and is answerable without ever seeing an image -- 'the image' is decorative wording, not a missing dependency."
tm-01b-02,k2,numeric,DATA_INLINE,no,n/a,no,yes,"figure key absent on step k2 (steps.3); not in ILLUSTRATION_REPLACEMENT queue for tm-01b-02; prompt/options fully specify the numbers or relationships needed (""Reflect (−3, 7) across the x-axis. The image is (−3, b). What is b?"") so it grades and is answerable without ever seeing an image -- 'the image' is decorative wording, not a missing dependency."
tm-02-02,i1,mcq,DATA_INLINE,no,n/a,no,yes,"figure key absent on step i1 (steps.2); not in ILLUSTRATION_REPLACEMENT queue for tm-02-02; prompt/options fully specify the numbers or relationships needed (""Dilate (3, 4) by a scale factor of 2 from the origin. What is the image?"") so it grades and is answerable without ever seeing an image -- 'the image' is decorative wording, not a missing dependency."
tm-02-02,k3,mcq,DATA_INLINE,no,n/a,no,yes,"figure key absent on step k3 (steps.7); not in ILLUSTRATION_REPLACEMENT queue for tm-02-02; prompt/options fully specify the numbers or relationships needed (""A shape is dilated by a factor of 3. Is the image congruent to the original?"") so it grades and is answerable without ever seeing an image -- 'the image' is decorative wording, not a missing dependency."
tg-01-01,k1,mcq,DATA_INLINE,no,n/a,no,yes,"figure key absent on step k1 (steps.2); not in ILLUSTRATION_REPLACEMENT queue for tg-01-01; prompt/options fully specify the numbers or relationships needed (""The graph of y = sin(x + π/3) is the sine wave shifted:"") so it grades and is answerable without ever seeing an image -- 'the graph' is decorative wording, not a missing dependency."
tg-02-01,k2,mcq,DATA_INLINE,no,n/a,no,yes,"figure key absent on step k2 (steps.3); not in ILLUSTRATION_REPLACEMENT queue for tg-02-01; prompt/options fully specify the numbers or relationships needed (""For y = 2 cos x + 3, where does the graph FIRST cross its midline (x > 0)?"") so it grades and is answerable without ever seeing an image -- 'the graph' is decorative wording, not a missing dependency."
vm-02-01,k1,mcq,DATA_INLINE,no,n/a,no,yes,"figure key absent on step k1 (steps.2); not in ILLUSTRATION_REPLACEMENT queue for vm-02-01; prompt/options fully specify the numbers or relationships needed (""In the plot (1/4 → XX, 1/2 → XXX, 3/4 → X, 1 → XX), which length is MOST common?"") so it grades and is answerable without ever seeing an image -- 'the plot' is decorative wording, not a missing dependency."
vm-02-02,k1,fractionEntry,DATA_INLINE,no,n/a,no,yes,"figure key absent on step k1 (steps.2); not in ILLUSTRATION_REPLACEMENT queue for vm-02-02; prompt/options fully specify the numbers or relationships needed (""Total length of all ribbons in the plot (1/4 → XX, 1/2 → XXX, 3/4 → X)?"") so it grades and is answerable without ever seeing an image -- 'the plot' is decorative wording, not a missing dependency."
vm-02-02,k2,fractionEntry,DATA_INLINE,no,n/a,no,yes,"figure key absent on step k2 (steps.4); not in ILLUSTRATION_REPLACEMENT queue for vm-02-02; prompt/options fully specify the numbers or relationships needed (""In the plot (1/4 → XX, 1/2 → XXX, 3/4 → X), how much longer is the longest ribbon than the shortest?"") so it grades and is answerable without ever seeing an image -- 'the plot' is decorative wording, not a missing dependency."
vm-02-02,k3,numeric,DATA_INLINE,no,n/a,no,yes,"figure key absent on step k3 (steps.6); not in ILLUSTRATION_REPLACEMENT queue for vm-02-02; prompt/options fully specify the numbers or relationships needed (""Write the plot's total in quarters: 2/4 + 6/4 + 3/4 = ?/4. What is the numerator?"") so it grades and is answerable without ever seeing an image -- 'the plot' is decorative wording, not a missing dependency."
vm-02-02,ch1,fractionEntry,DATA_INLINE,no,n/a,no,yes,"figure key absent on step ch1 (steps.7); not in ILLUSTRATION_REPLACEMENT queue for vm-02-02; prompt/options fully specify the numbers or relationships needed (""Total length of the plot 1/4 → X, 1/2 → XX, 3/4 → X?"") so it grades and is answerable without ever seeing an image -- 'the plot' is decorative wording, not a missing dependency."
vm-02-02,r1,(none),NO_FIGURE_AUTHORED,no,n/a,no,n/a,"kind=recap, no widget/prompt; body text ('The plot is a dataset.') references 'the plot' narratively; no figure key authored; not a gradable item."
