widget_type,component_fn,widget_line,describe_state,authored_uses,representative_lesson,owner_file
mcq,McqW,283,no,4380,co-03-01,src/components/widgets.tsx
numeric,NumericW,371,no,6120,co-03-01,src/components/widgets.tsx
fractionEntry,FractionEntryW,417,no,46,vm-02-02,src/components/widgets.tsx
pointEntry,PointEntryW,564,no,18,tm-01-01,src/components/widgets.tsx
placeCompare,PlaceCompareW,676,no,28,tno-04-02,src/components/widgets.tsx
rationalCompare,RationalCompareW,863,no,28,fa-02-03,src/components/widgets.tsx
slider,SliderW,12727,no,28,co-01-01,src/components/widgets.tsx
tapDiagram,TapW,12931,no,134,geo-03-01,src/components/widgets.tsx
dragOrder,DragOrderW,12980,no,93,as100-04-03,src/components/widgets.tsx
dragBucket,DragBucketW,13090,no,187,geo-03-01,src/components/widgets.tsx
matchPairs,MatchPairsW,13164,no,175,as100-02-04,src/components/widgets.tsx
buildExpression,BuildExpressionW,13360,no,237,co-05-01,src/components/widgets.tsx
plotPoint,PlotPointW,13430,yes,75,cn-02-03,src/components/widgets.tsx
toggleExplore,ToggleExploreW,13543,no,0,NONE,src/components/widgets.tsx
steppedReveal,SteppedRevealW,13593,no,54,pc-01-01,src/components/widgets.tsx
estimateSlider,EstimateSliderW,13907,no,96,g4m-02-04,src/components/widgets.tsx
tenFrame,TenFrameW,13917,no,169,g1p-02-04,src/components/widgets.tsx
numberLineHop,NumberLineHopW,13971,no,462,rno-02-02,src/components/widgets.tsx
baseTenCompose,BaseTenComposeW,14221,no,56,as100-02-04,src/components/widgets.tsx
lengthCompare,LengthCompareW,14348,no,66,g1m-01-04,src/components/widgets.tsx
absValueLine,AbsValueLineW,14765,yes,3,ns-05-02,src/components/widgets.tsx
moneyBoard,MoneyBoardW,15159,yes,19,mmt-03-02,src/components/widgets.tsx
fractionGrid,FractionGridW,15374,yes,4,fm-03-01,src/components/widgets.tsx
fractionCompare,FractionCompareW,15476,yes,3,fr-04-02,src/components/widgets.tsx
oddEvenPairs,OddEvenPairsW,15580,yes,17,as100-05-01,src/components/widgets.tsx
mixedRegroup,MixedRegroupW,6084,no,7,fa-05-01,src/components/widgets.tsx
columnCalc,ColumnCalcW,6329,no,39,g4m-02-05,src/components/widgets.tsx
evalOrder,EvalOrderW,7573,no,5,dop-01-03,src/components/widgets.tsx
unitChain,UnitChainW,7456,yes,19,vm-01-01,src/components/widgets.tsx
slopeTriangle,SlopeTriangleW,6641,yes,10,fg-02-02,src/components/widgets.tsx
subitizeFlash,SubitizeFlashW,14926,no,18,kcw-02-04,src/components/widgets.tsx
lineExplore,LineExploreW,12420,yes,6,fg-02-03,src/components/widgets.tsx
fractionBar,FractionBarW,989,no,101,g3f-02-03,src/components/widgets.tsx
quadraticExplore,QuadraticExploreW,12105,yes,32,co-04-02,src/components/widgets.tsx
unitCircleExplore,UnitCircleExploreW,11280,yes,45,tf-04-02,src/components/widgets.tsx
systemsExplore,SystemsExploreW,11700,yes,6,les-04-01,src/components/widgets.tsx
numberLinePlace,NumberLinePlaceW,11024,no,53,rno-02-03,src/components/widgets.tsx
functionMachine,FunctionMachineW,11178,no,10,fg-01-01,src/components/widgets.tsx
probabilityArea,ProbabilityAreaW,10714,no,15,sp-03-01,src/components/widgets.tsx
hundredthsGrid,HundredthsGridW,10781,no,36,dg4-02-06,src/components/widgets.tsx
transformExplore,TransformExploreW,10867,yes,14,tm-01-01,src/components/widgets.tsx
angleMeasure,AngleMeasureW,9657,yes,8,la-01-02,src/components/widgets.tsx
dilationExplore,DilationExploreW,10334,yes,22,tm-02-03,src/components/widgets.tsx
rotationLab,RotationLabW,10221,yes,4,gf-03-03,src/components/widgets.tsx
barBuilder,BarBuilderW,10590,no,70,dgr1-03-01,src/components/widgets.tsx
graphRead,GraphReadW,7364,yes,24,dgr1-02-04,src/components/widgets.tsx
dotPlot,DotPlotW,8181,yes,15,vm-02-01,src/components/widgets.tsx
boxPlot,BoxPlotW,8254,no,8,dd-05-01,src/components/widgets.tsx
distributionCompareLab,DistributionCompareLabW,8322,yes,34,sp-02b-01,src/components/widgets.tsx
areaModel,AreaModelW,8598,yes,102,g4m-01-02,src/components/widgets.tsx
placeValue,PlaceValueW,8617,no,3,pv-01-01,src/components/widgets.tsx
clockSet,ClockSetW,8677,no,40,md-01-03,src/components/widgets.tsx
balanceScale,BalanceScaleW,9585,yes,9,les-01-01,src/components/widgets.tsx
solveBalance,SolveBalanceW,8943,yes,28,tse-04-01,src/components/widgets.tsx
inversePipeline,InversePipelineW,8751,yes,11,tse-02-01,src/components/widgets.tsx
doubleNumberLine,DoubleNumberLineW,7823,no,3,pr-01-02,src/components/widgets.tsx
scatterFit,ScatterFitW,7916,yes,16,dm-02-02,src/components/widgets.tsx
fractionOfSet,FractionOfSetW,8038,no,1,fm-02-02,src/components/widgets.tsx
percentBar,PercentBarW,5422,no,16,pr-04b-03,src/components/widgets.tsx
percentChangeLab,PercentChangeLabW,5490,yes,11,pr-04-02,src/components/widgets.tsx
equationOutcomeLab,EquationOutcomeLabW,5565,yes,15,les-02-02,src/components/widgets.tsx
signedFractionLab,SignedFractionLabW,5624,yes,9,rno-04-01,src/components/widgets.tsx
integerChips,IntegerChipsW,5694,no,4,rno-01-01,src/components/widgets.tsx
volumeBuilder,VolumeBuilderW,5773,no,20,vm-03-01,src/components/widgets.tsx
netFold,NetFoldW,7690,yes,5,sa7-01-02,src/components/widgets.tsx
ratioTable,RatioTableW,7744,no,11,sp-01-03,src/components/widgets.tsx
elapsedTime,ElapsedTimeW,1213,no,1,mmt-04-03,src/components/widgets.tsx
distanceGrid,DistanceGridW,1265,yes,9,cx-01-01,src/components/widgets.tsx
treeDiagram,TreeDiagramW,1329,no,5,sp-04-01,src/components/widgets.tsx
spinnerSim,SpinnerSimW,1730,no,6,sp-04-02,src/components/widgets.tsx
trialProbabilityLab,TrialProbabilityLabW,1636,yes,15,sp-03-03,src/components/widgets.tsx
scaledCircleLab,ScaledCircleLabW,1391,yes,8,cr-06-01,src/components/widgets.tsx
triangleClosureLab,TriangleClosureLabW,1450,yes,1,g7-04-03,src/components/widgets.tsx
compoundEventLab,CompoundEventLabW,1499,yes,8,sp-04-03,src/components/widgets.tsx
compositeAreaLab,CompositeAreaLabW,1570,yes,15,sa7-02-02,src/components/widgets.tsx
taylorApprox,TaylorApproxW,4913,yes,3,sc-02-01,src/components/widgets.tsx
slopeField,SlopeFieldW,4815,yes,6,de-01-02,src/components/widgets.tsx
sliceSum,SliceSumW,4655,yes,5,pc-02-01,src/components/widgets.tsx
riemannSum,RiemannSumW,4448,yes,4,in-04-01,src/components/widgets.tsx
accumulateArea,AccumulateAreaW,4539,yes,7,ia-04-01,src/components/widgets.tsx
derivativeTrace,DerivativeTraceW,4278,yes,31,fna-05-01,src/components/widgets.tsx
compassConstruct,CompassConstructW,3722,yes,14,g7-03b-03,src/components/widgets.tsx
quadDrag,QuadDragW,4029,yes,7,cx-03-02,src/components/widgets.tsx
radicalCheck,RadicalCheckW,4223,no,0,NONE,src/components/widgets.tsx
sequenceBuild,SequenceBuildW,3505,yes,31,sc-01-01,src/components/widgets.tsx
triangleSolve,TriangleSolveW,3514,yes,20,tf-01-03,src/components/widgets.tsx
signChart,SignChartW,3195,yes,29,rf-05-01,src/components/widgets.tsx
extraneousRootLab,ExtraneousRootLabW,10080,yes,2,re-04-02,src/components/widgets.tsx
binomialAreaLab,BinomialAreaLabW,9899,yes,12,ep-03-01,src/components/widgets.tsx
shapeParts,ShapePartsW,9831,yes,11,ssg2-01-01,src/components/widgets.tsx
polarTrace,PolarTraceW,3100,yes,6,pp-02-01,src/components/widgets.tsx
circleMeasureExplore,CircleMeasureExploreW,2859,yes,12,tf-02-03,src/components/widgets.tsx
vectorExplore,VectorExploreW,2716,yes,11,pc-03-01,src/components/widgets.tsx
matrixTransform,MatrixTransformW,15032,yes,5,vec-05-03,src/components/widgets.tsx
argandExplore,ArgandExploreW,2593,yes,7,cn-03-03,src/components/widgets.tsx
secantSlope,SecantSlopeW,2433,yes,12,lc-05-01,src/components/widgets.tsx
expLogExplore,ExpLogExploreW,2334,yes,46,co-04-03,src/components/widgets.tsx
graphZoom,GraphZoomW,2222,yes,23,lc-02-02,src/components/widgets.tsx
circleAngleExplore,CircleAngleExploreW,2098,yes,5,cr-01-02,src/components/widgets.tsx
sampleSim,SampleSimW,1817,yes,3,si-02-02,src/components/widgets.tsx
ciCapture,CiCaptureW,1909,yes,1,si-03-02,src/components/widgets.tsx
shuffleTest,ShuffleTestW,2005,yes,2,si-04-01,src/components/widgets.tsx
algebraTiles,AlgebraTilesW,5021,no,27,tse-01-03,src/components/widgets.tsx
lineRelationLab,LineRelationLabW,15734,yes,4,la-02-01,src/components/widgets.tsx
triangleConstraintLab,TriangleConstraintLabW,15782,yes,20,tc-03-01,src/components/widgets.tsx
coordinateProofLab,CoordinateProofLabW,15829,yes,6,cx-01-03,src/components/widgets.tsx
solidSliceLab,SolidSliceLabW,15852,yes,7,sg-01-03,src/components/widgets.tsx
triangleAngleLab,TriangleAngleLabW,15871,yes,6,tm-03-02,src/components/widgets.tsx
verticalLineScanner,VerticalLineScannerW,15885,yes,3,fg-01-03,src/components/widgets.tsx
covariationScrubber,CovariationScrubberW,15893,yes,3,fg-03-01,src/components/widgets.tsx
samplingBiasLab,SamplingBiasLabW,15896,yes,7,sp-01-02,src/components/widgets.tsx
shapeFamilyBuilder,ShapeFamilyBuilderW,15952,yes,6,geo-01-02,src/components/widgets.tsx
shapeHierarchyLab,ShapeHierarchyLabW,15917,yes,19,cg-03-01,src/components/widgets.tsx
unitRuler,UnitRulerW,15954,yes,45,g1m-02-01,src/components/widgets.tsx
proportionalReasoningLab,ProportionalReasoningLabW,6825,yes,50,pr-02-01,src/components/widgets.tsx
placeValueTransformLab,PlaceValueTransformLabW,6939,yes,67,esn-01b-02,src/components/widgets.tsx
pointSetReasoningLab,PointSetReasoningLabW,6985,yes,14,dd-04-01,src/components/widgets.tsx
geometricConstraintLab,GeometricConstraintLabW,6999,yes,66,cx-04-03,src/components/widgets.tsx
exactNumberLab,ExactNumberLabW,7007,yes,358,rno-04-03,src/components/widgets.tsx
affineRelationshipLab,AffineRelationshipLabW,7088,yes,55,fg-03-02,src/components/widgets.tsx
quotientReasoningLab,QuotientReasoningLabW,7156,yes,39,rns-01-03,src/components/widgets.tsx
graphStoryLab,GraphStoryLabW,7293,yes,14,fg-04-02,src/components/widgets.tsx
conditionalTableLab,ConditionalTableLabW,15975,yes,15,cpr-03-02,src/components/widgets.tsx
conicLocusLab,ConicLocusLabW,16074,yes,9,co-02-01,src/components/widgets.tsx
derivativeRuleLab,DerivativeRuleLabW,16135,yes,4,dr-04-01,src/components/widgets.tsx
relatedRatesLab,RelatedRatesLabW,16231,yes,5,dc-02-01,src/components/widgets.tsx
numberLineRay,NumberLineRayW,110,yes,3,tse-04-01,src/components/widgets/numberLineRay.tsx
