widget_type,lesson,step,tone,pairs,detail
circleAngleExplore,cr-01-02,i1,info,1,"\"target arc\" [157.9..229.9 @21.4] overlaps \"arc AB = 110°\" [58.5..161.5 @11.2] by 3.6×3.7 units"
circleMeasureExplore,cr-02-01,i1,neutral,1,"\"10\" [158.2..172.6 @108.2] overlaps \"d = 0\" [135.0..171.0 @115.2] by 12.8×5.6 units"
circleMeasureExplore,cr-02-01,i1,error,1,"\"10\" [158.2..172.6 @108.2] overlaps \"d = 0\" [135.0..171.0 @115.2] by 12.8×5.6 units"
circleMeasureExplore,cr-02-01,i1,info,1,"\"10\" [158.2..172.6 @108.2] overlaps \"d = 0\" [135.0..171.0 @115.2] by 12.8×5.6 units"
circleMeasureExplore,cr-02-02,i1,neutral,1,"\"5\" [161.8..169.0 @108.2] overlaps \"d = 0\" [135.0..171.0 @115.2] by 7.2×5.6 units"
circleMeasureExplore,cr-02-02,i1,error,1,"\"5\" [161.8..169.0 @108.2] overlaps \"d = 0\" [135.0..171.0 @115.2] by 7.2×5.6 units"
circleMeasureExplore,cr-02-02,i1,info,1,"\"5\" [161.8..169.0 @108.2] overlaps \"d = 0\" [135.0..171.0 @115.2] by 7.2×5.6 units"
circleMeasureExplore,cr-02-03,i1,neutral,1,"\"13\" [158.2..172.6 @108.2] overlaps \"d = 0\" [135.0..171.0 @115.2] by 12.8×5.6 units"
circleMeasureExplore,cr-02-03,i1,error,1,"\"13\" [158.2..172.6 @108.2] overlaps \"d = 0\" [135.0..171.0 @115.2] by 12.8×5.6 units"
circleMeasureExplore,cr-02-03,i1,info,1,"\"13\" [158.2..172.6 @108.2] overlaps \"d = 0\" [135.0..171.0 @115.2] by 12.8×5.6 units"
argandExplore,cn-03-02,i1,neutral,1,"\"z × w\" [137.0..173.0 @114.2] overlaps \"z\" [137.0..144.2 @114.2] by 7.2×12.6 units"
argandExplore,cn-03-02,i1,error,1,"\"z × w\" [137.0..173.0 @114.2] overlaps \"z\" [137.0..144.2 @114.2] by 7.2×12.6 units"
argandExplore,cn-03-02,i1,info,1,"\"z × w\" [137.0..173.0 @114.2] overlaps \"z\" [137.0..144.2 @114.2] by 7.2×12.6 units"
argandExplore,cn-03-03,i1,neutral,1,"\"z × w\" [137.0..173.0 @114.2] overlaps \"z\" [137.0..144.2 @114.2] by 7.2×12.6 units"
argandExplore,cn-03-03,i1,error,1,"\"z × w\" [137.0..173.0 @114.2] overlaps \"z\" [137.0..144.2 @114.2] by 7.2×12.6 units"
argandExplore,cn-03-03,i1,info,1,"\"z × w\" [137.0..173.0 @114.2] overlaps \"z\" [137.0..144.2 @114.2] by 7.2×12.6 units"
slider,co-01-01,i1,neutral,1,"\"focus (0, 1)\" [167.0..253.4 @133.2] overlaps \"both = 2\" [196.0..253.6 @130.2] by 57.4×9.6 units"
slider,co-01-01,i1,error,1,"\"focus (0, 1)\" [167.0..253.4 @133.2] overlaps \"both = 2\" [196.0..253.6 @130.2] by 57.4×9.6 units"
slider,co-01-01,i1,info,1,"\"focus (0, 1)\" [167.0..253.4 @133.2] overlaps \"both = 2\" [196.0..253.6 @130.2] by 57.4×9.6 units"
conicLocusLab,co-02-01,i1,info,1,"\"directrix\" [78.0..149.3 @17.2] overlaps \"target: e = 0.6 → ellipse\" [91.0..289.0 @5.2] by 58.3×1.9 units"
conicLocusLab,co-02-02,i1,info,1,"\"directrix\" [78.0..149.3 @17.2] overlaps \"target: e = 0.8 → ellipse\" [91.0..289.0 @5.2] by 58.3×1.9 units"
conicLocusLab,co-03-03,i1,info,1,"\"directrix\" [78.0..149.3 @17.2] overlaps \"target: e = 1.5 → hyperbola\" [83.1..296.9 @5.2] by 66.2×1.9 units"
conicLocusLab,co-05-02,i1,info,1,"\"directrix\" [78.0..149.3 @17.2] overlaps \"target: e = 1.0 → parabola\" [87.0..293.0 @5.2] by 62.2×1.9 units"
conicLocusLab,co-05-03,i1,info,1,"\"directrix\" [78.0..149.3 @17.2] overlaps \"target: e = 0.2 → ellipse\" [91.0..289.0 @5.2] by 58.3×1.9 units"
secantSlope,dc-03-03,i1,info,1,"\"target zone\" [106.4..193.6 @15.2] overlaps \"tangent slope 6\" [166.0..274.0 @6.2] by 27.6×3.6 units"
secantSlope,fna-02-02,i1,info,1,"\"target zone\" [106.4..193.6 @15.2] overlaps \"tangent slope 0\" [166.0..274.0 @6.2] by 27.6×3.6 units"
graphStoryLab,fg-04-03,i1,info,1,"\"water level\" [12.0..99.1 @7.2] overlaps \"Fills steadily\" [60.6..161.4 @4.2] by 38.5×9.6 units"
graphStoryLab,fg-04-03,i2,info,1,"\"height\" [12.0..59.5 @7.2] overlaps \"Loses height\" [42.1..128.5 @4.2] by 17.4×9.6 units"
graphStoryLab,fg-04-03,k2,info,1,"\"distance\" [12.0..75.4 @7.2] overlaps \"Walks steadily\" [60.6..161.4 @4.2] by 14.8×9.6 units"
graphStoryLab,fg-04-03,ch1,info,1,"\"Drives fast\" [45.7..124.9 @46.8] overlaps \"Stops at red light\" [123.2..252.8 @46.8] by 1.7×12.6 units"
graphStoryLab,fg-04-03,rem-fg0403-k,info,1,"\"water level\" [12.0..99.1 @7.2] overlaps \"Fills steadily\" [60.6..161.4 @4.2] by 38.5×9.6 units"
angleMeasure,gf-02-02,i3,info,1,"\"60\" [214.3..228.7 @19.4] overlaps \"target\" [208.6..251.8 @26.3] by 14.4×5.6 units"
angleMeasure,g7-04-03,k2,info,1,"\"60\" [214.3..228.7 @19.4] overlaps \"target\" [216.0..259.2 @30.3] by 12.7×1.7 units"
triangleClosureLab,g7-04-03,k3,neutral,1,"\"8\" [168.3..177.0 @100.7] overlaps \"12 target\" [105.9..183.7 @97.7] by 8.6×12.1 units"
triangleClosureLab,g7-04-03,k3,error,1,"\"8\" [168.3..177.0 @100.7] overlaps \"12 target\" [105.9..183.7 @97.7] by 8.6×12.1 units"
triangleClosureLab,g7-04-03,k3,info,1,"\"8\" [168.3..177.0 @100.7] overlaps \"12 target\" [105.9..183.7 @97.7] by 8.6×12.1 units"
accumulateArea,in-02-03,i1,neutral,1,"\"f — the height\" [26.0..126.8 @2.2] overlaps \"f = 3\" [32.0..68.0 @3.2] by 36.0×11.6 units"
accumulateArea,in-02-03,i1,error,1,"\"f — the height\" [26.0..126.8 @2.2] overlaps \"f = 3\" [32.0..68.0 @3.2] by 36.0×11.6 units"
accumulateArea,in-02-03,i1,info,1,"\"f — the height\" [26.0..126.8 @2.2] overlaps \"f = 3\" [32.0..68.0 @3.2] by 36.0×11.6 units"
secantSlope,lc-05-02,i1,info,1,"\"target zone\" [106.4..193.6 @15.2] overlaps \"tangent slope 6\" [166.0..274.0 @6.2] by 27.6×3.6 units"
lineExplore,lf-03-01,i1,info,1,"\"run 1\" [141.7..181.3 @153.2] overlaps \"target\" [158.0..205.5 @154.2] by 23.3×12.9 units"
lineExplore,lf-04-02,i1,info,1,"\"run 1\" [141.7..181.3 @153.2] overlaps \"target\" [158.0..205.5 @154.2] by 23.3×12.9 units"
angleMeasure,la-01-02,e1,info,1,"\"60\" [214.3..228.7 @19.4] overlaps \"target\" [216.0..259.2 @30.3] by 12.7×1.7 units"
lengthCompare,mmt-02-02,i2,info,1,"\"pencil — 6 inches\" [18.0..140.4 @11.2] overlaps \"the overhang is 3 inches\" [75.0..265.0 @3.2] by 65.4×5.9 units"
lengthCompare,mmt-02-02,i3,info,1,"\"marker — 12 inches\" [18.0..147.6 @11.2] overlaps \"the overhang is 7 inches\" [75.0..265.0 @3.2] by 72.6×5.9 units"
lengthCompare,mmt-05-03,i2,info,1,"\"Tuesday — 7 votes\" [18.0..140.4 @11.2] overlaps \"the overhang is 4 votes\" [78.9..261.1 @3.2] by 61.5×5.9 units"
absValueLine,ns-05-02,k2,neutral,1,"\"−51\" [12.3..31.7 @105.2] overlaps \"−50\" [16.5..38.1 @104.2] by 15.2×11.3 units"
absValueLine,ns-05-02,k2,error,1,"\"−51\" [12.3..31.7 @105.2] overlaps \"−50\" [16.5..38.1 @104.2] by 15.2×11.3 units"
absValueLine,ns-05-02,k2,info,1,"\"−51\" [12.3..31.7 @105.2] overlaps \"−50\" [16.5..38.1 @104.2] by 15.2×11.3 units"
vectorExplore,pc-03-01,i1b,neutral,1,"\"v\" [136.0..143.9 @114.2] overlaps \"u + v\" [136.0..175.6 @112.2] by 7.9×11.9 units"
vectorExplore,pc-03-01,i1b,error,1,"\"v\" [136.0..143.9 @114.2] overlaps \"u + v\" [136.0..175.6 @112.2] by 7.9×11.9 units"
vectorExplore,pc-03-01,i1b,info,1,"\"v\" [136.0..143.9 @114.2] overlaps \"u + v\" [136.0..175.6 @112.2] by 7.9×11.9 units"
argandExplore,pp-03-02,i1,neutral,1,"\"z × w\" [137.0..173.0 @114.2] overlaps \"z\" [137.0..144.2 @114.2] by 7.2×12.6 units"
argandExplore,pp-03-02,i1,error,1,"\"z × w\" [137.0..173.0 @114.2] overlaps \"z\" [137.0..144.2 @114.2] by 7.2×12.6 units"
argandExplore,pp-03-02,i1,info,1,"\"z × w\" [137.0..173.0 @114.2] overlaps \"z\" [137.0..144.2 @114.2] by 7.2×12.6 units"
angleMeasure,pq-01-02,i1,info,1,"\"60\" [214.3..228.7 @19.4] overlaps \"target\" [216.0..259.2 @30.3] by 12.7×1.7 units"
trialProbabilityLab,sp-03-02,i2,info,1,"\"given theoretical 1/6\" [28.4..179.6 @98.2] overlaps \"target 1/5\" [83.6..155.6 @94.2] by 72.0×8.6 units"
trialProbabilityLab,sp-03-02,ch1,info,1,"\"given theoretical 1/2\" [106.4..257.6 @98.2] overlaps \"target 3/5\" [177.2..249.2 @94.2] by 72.0×8.6 units"
trialProbabilityLab,sp-03-03,ch1,info,1,"\"given theoretical 1/2\" [106.4..257.6 @98.2] overlaps \"target 3/5\" [177.2..249.2 @94.2] by 72.0×8.6 units"
taylorApprox,sc-02-01,i1,info,1,"\"target: 5 terms\" [177.2..296.0 @3.2] overlaps \"the polynomial (1 terms)\" [24.0..196.8 @4.2] by 19.6×12.6 units"
taylorApprox,sc-03-01,i1,info,2,"\"radius\" [249.0..292.2 @16.2] overlaps \"target: 6 terms\" [177.2..296.0 @3.2] by 43.2×0.9 units | \"target: 6 terms\" [177.2..296.0 @3.2] overlaps \"the polynomial (1 terms)\" [24.0..196.8 @4.2] by 19.6×12.6 units"
lengthCompare,smg1-03-02,i1,info,1,"\"pencil — 5 paperclips\" [18.0..169.2 @11.2] overlaps \"the overhang is 2 paperclips\" [59.1..280.9 @3.2] by 110.1×5.9 units"
lengthCompare,smg1-03-02,i2,info,1,"\"book — 8 blocks\" [18.0..126.0 @11.2] overlaps \"the overhang is 5 blocks\" [75.0..265.0 @3.2] by 51.0×5.9 units"
lengthCompare,smg1-03-02,i3,info,1,"\"spoon — 6 cubes\" [18.0..126.0 @11.2] overlaps \"the overhang is 4 cubes\" [78.9..261.1 @3.2] by 47.1×5.9 units"
vectorExplore,vec-02-02,i1,info,1,"\"v here\" [165.5..208.7 @146.4] overlaps \"u\" [193.0..200.9 @142.7] by 7.9×10.1 units"
vectorExplore,vec-03-01,i1,info,1,"\"u·v = 25\" [193.0..250.6 @38.2] overlaps \"u\" [193.0..200.9 @38.2] by 7.9×12.6 units"
vectorExplore,vec-03-03,i1,info,1,"\"u·v = 12\" [193.0..250.6 @114.2] overlaps \"u\" [212.0..219.9 @114.2] by 7.9×12.6 units"

# per-engine totals (colliding pairs across all specs x 3 tones)
# circleMeasureExplore,9
# argandExplore,9
# lengthCompare,6
# vectorExplore,6
# conicLocusLab,5
# graphStoryLab,5
# angleMeasure,4
# slider,3
# secantSlope,3
# triangleClosureLab,3
# accumulateArea,3
# absValueLine,3
# trialProbabilityLab,3
# taylorApprox,3
# lineExplore,2
# circleAngleExplore,1
# specs swept: 11947; renders failed: 0; unmodellable texts: 288
