lesson,grade,step,fk_grade,gap,meta_term,prompt
la-02-03,4,ch1,14.3,10.3,,"A four-pane window has a plus-shaped divider: 2 vertical framing sides plus 1 vertical crossbar (3 verticals total), and 2 horizontal framing sides plus 1 horizontal cros"
g4v-03-03,4,i1,14.1,10.1,,"8 shifts of 45 minutes, finishing 30 minutes early — estimate the minutes."
g4v-03-03,4,i2,14.1,10.1,,"8 shifts of 45 minutes, finishing 30 minutes early — estimate the minutes."
fa-04-02,4,i2,13.7,9.7,,Build the expression that converts 4 2/3 to an improper fraction: whole × denominator + numerator.
g4x-01-01,4,k2,12.5,8.5,,2/5 + 2/5 + 2/5 written as multiplication is…
g4x-01-03,4,k3,12.5,8.5,,2/5 + 2/5 + 2/5 written as multiplication is…
mc-01-01,4,k2,12.5,8.5,,1 kilometer = how many meters?
mc-01-01,4,k3,12.5,8.5,,1 meter = how many centimeters?
mc-01-02,4,k2,12.5,8.5,,7 meters = how many millimeters?
g4m-03-01,4,i1,12.5,8.5,,"Estimate 3,612 ÷ 6 before computing it."
g4m-03-01,4,i2,12.5,8.5,,"Estimate 3,612 ÷ 6 before computing it."
g4m-03-04,4,i1,12.5,8.5,,"Estimate 2,437 ÷ 5 before computing it."
g4m-03-04,4,i2,12.5,8.5,,"Estimate 2,437 ÷ 5 before computing it."
kcw-01-02,0,i1,8.4,8.4,,Build the amount the numeral 5 promises.
kcw-01-02,0,i2,8.4,8.4,,Build the amount the numeral 5 promises.
kcw-01-03,0,i1,8.4,8.4,,Build the amount the numeral 8 promises.
kcw-01-03,0,i2,8.4,8.4,,Build the amount the numeral 8 promises.
pv2-05-02,4,k3,12.3,8.3,,"What is the difference between the greatest population (Bridgeton, 604,102) and the least population (Cedar Falls, 89,999)?"
kgb-02-02,0,ch1,8.0,8.0,,"Tap every circle, even when its size or direction is different."
kgb-02-03,0,i1,8.0,8.0,,"Tap every triangle, even when its size or direction is different."
kgb-02-03,0,i2,8.0,8.0,,"Tap every triangle, even when its size or direction is different."
kgb-02-03,0,k2,8.0,8.0,,"Tap every circle, even when its size or direction is different."
kgb-02-04,0,i1,8.0,8.0,,"Tap every circle, even when its size or direction is different."
kgb-02-04,0,i2,8.0,8.0,,"Tap every circle, even when its size or direction is different."
fr-03-01,3,e1,10.7,7.7,,Slide numerator and denominator to make a fraction equal to 1/2.
geo-02-02,3,k3,10.7,7.7,,Why are 'almost' shapes (misfits) useful for learning a definition?
pv2-01-01,4,ch1,11.6,7.6,,"Climbing the ladder from ones all the way to millions (ones → tens → hundreds → thousands → ten-thousands → hundred-thousands → millions), how many ×10 rungs do you climb"
kgb-02-05,0,ch1,7.6,7.6,,Which solid rolls most easily because its surface is curved all the way around?
fa-05-02,4,i1,11.5,7.5,,"Build the shortcut for 6 × (1/4): whole × numerator, over the denominator."
kgb-01-01,0,k1,7.4,7.4,,What is the opposite position of “above”?
kgb-01-02,0,k2,7.4,7.4,,What is the opposite position of “behind”?
kgb-01-03,0,k2,7.4,7.4,,What is the opposite position of “inside”?
smg1-01-02,1,ch1,8.2,7.2,,How many curved surfaces does a cylinder have?
la-02-02,4,i1,11.1,7.1,,"Rotate the active blue line until it is perpendicular to the dark line, then translate it and confirm the 90° crossing survives."
mc-01-02,4,k3,11.0,7.0,,"2 kilometers = how many centimeters? Two crossings, through meters."
kcm-03-03,0,k1,6.7,6.7,,"Drag the numbers into counting order, smallest first."
kcm-03-03,0,k3,6.7,6.7,,"Drag the numbers into counting order, smallest first."
kcm-03-04,0,k2,6.7,6.7,,"Drag the numbers into counting order, smallest first."
kc-02-03,0,i1,6.7,6.7,,"Drag the numbers into counting order, smallest first."
fa-03-03,4,i2,10.7,6.7,,Sort each sum by comparing its numerator to its denominator.
mc-02-02,4,i1,10.7,6.7,,Match each rectangle's dimensions to its perimeter.
g4m-02-01,4,k1,10.7,6.7,,"Before computing 38 × 52, which estimate is most useful?"
g4m-02-01,4,k3,10.7,6.7,,"Before computing 38 × 52, which estimate is most useful?"
kcw-01-01,0,i1,6.7,6.7,,Show what the numeral 3 promises — build its amount.
kcw-01-01,0,i2,6.7,6.7,,Show what the numeral 3 promises — build its amount.
g3w-02-04,3,k1,9.7,6.7,,"Before computing 7 × 48 − 96, what is the most useful estimate?"
g3w-02-04,3,k3,9.7,6.7,,"Before computing 7 × 48 − 96, what is the most useful estimate?"
g3w-03-02,3,ch1,9.7,6.7,,"Before computing 7 × 48 − 96, what is the most useful estimate?"
fr-03-03,3,k1,9.6,6.6,,Which fraction equals exactly 3?
mult-02-04,3,i1,9.6,6.6,,Match each multiplication to a division from its own family.
kcw-02-05,0,k2,6.6,6.6,,Which pair makes exactly 10?
knb-02-04,0,k2,6.6,6.6,,Which pair makes exactly 10?
knb-03-04,0,k2,6.6,6.6,,Which pair makes exactly 10?
kc-02-03,0,k1,6.4,6.4,,"Drag into counting order, smallest first."
kc-02-03,0,k3,6.4,6.4,,"Drag into counting order, smallest first."
g2g-03-01,2,k2,8.4,6.4,,18 + 13 = ? (Tuesday's and Wednesday's counts put together)
kcw-01-01,0,k1,6.4,6.4,,"What is a written numeral, really?"
smg1-03-01,1,i1,7.4,6.4,,"Measure the pencil. Align zero, use one-paperclip units, and cover it with five units exactly."
knb-01-01,0,k2,6.4,6.4,,What does the numeral 14 secretly say?
knb-01-04,0,k2,6.4,6.4,,What does the numeral 14 secretly say?
k100-02-03,0,k1,6.3,6.3,,"On the hundred chart, what number sits directly BELOW 23?"
k100-02-03,0,k2,6.3,6.3,,"On the hundred chart, what number sits directly BELOW 45?"
k100-02-03,0,ch1,6.3,6.3,,"On the hundred chart, what number sits directly BELOW 67?"
k100-03-05,0,k2,6.3,6.3,,"On the hundred chart, what number sits directly BELOW 52?"
k100-03-06,0,k3,6.3,6.3,,"On the hundred chart, what number sits directly BELOW 38?"
g1e-01-04,1,k1,7.2,6.2,,15 = 2 + __. Which number completes the true equation?
g1e-01-04,1,k2,7.2,6.2,,9 = 2 + __. Which number completes the true equation?
g1e-01-04,1,k3,7.2,6.2,,13 = 10 + __. Which number completes the true equation?
g1e-03-03,1,k2,7.2,6.2,,Which choice is an equation rather than only an expression?
fr-01-04,3,i1,9.1,6.1,,Whose job is it — the numerator (top) or the denominator (bottom)?
fr-04-04,3,i1,9.1,6.1,,"Sort each matchup: fair comparison, or meaningless?"
mult-05-02,3,i1,9.1,6.1,,Tap every SQUARE number — a number that is something times itself.
geo-01-02,3,i1,9.1,6.1,,"Build a square from attributes: four sides, four right angles, four equal sides, and two parallel pairs."
g4v-01-01,4,k2,10.0,6.0,,"A route measures 2 kilometers, and each kilometer is 1000 meters. Compute 2 × 1000."
g4v-01-01,4,ch1,10.0,6.0,,"A route measures 9 kilometers, and each kilometer is 1000 meters. Compute 9 × 1000."
g4v-01-02,4,k2,10.0,6.0,,"A route measures 9 kilometers, and each kilometer is 1000 meters. Compute 9 × 1000."
g4v-01-02,4,k3,10.0,6.0,,"A trail measures 700 centimeters, and each meter is 100 centimeters. Compute 700 ÷ 100."
g4v-01-02,4,ch1,10.0,6.0,,"A route measures 5 kilometers, and each kilometer is 1000 meters. Compute 5 × 1000."
g4v-01-03,4,k1,10.0,6.0,,"A route measures 7 kilometers, and each kilometer is 1000 meters. Compute 7 × 1000."
g4v-01-03,4,k2,10.0,6.0,,"A trail measures 700 centimeters, and each meter is 100 centimeters. Compute 700 ÷ 100."
g4v-01-03,4,ch1,10.0,6.0,,"A trail measures 600 centimeters, and each meter is 100 centimeters. Compute 600 ÷ 100."
g4v-02-01,4,k2,10.0,6.0,,"A jug measures 7000 milliliters, and each liter is 1000 milliliters. Compute 7000 ÷ 1000."
g4v-02-03,4,ch1,10.0,6.0,,"A trail measures 500 centimeters, and each meter is 100 centimeters. Compute 500 ÷ 100."
g4s-02-03,4,i1,10.0,6.0,,7 × 68 − 90 — slide to estimate before computing.
g4s-02-03,4,i2,10.0,6.0,,7 × 68 − 90 — slide to estimate before computing.
kgb-01-01,0,k2,6.0,6.0,,What do position words like ABOVE and BESIDE always need?
khm-01-05,0,k2,5.9,5.9,,The stickers are scattered everywhere. What is the best counting plan?
khm-02-05,0,k1,5.9,5.9,,The stickers are scattered everywhere. What is the best counting plan?
kmd-03-03,0,k3,5.9,5.9,,"After sorting shapes into groups, what does counting each group add?"
kmd-03-04,0,ch1,5.9,5.9,,"After sorting shapes into groups, what does counting each group add?"
kcw-01-03,0,k1,5.9,5.9,,"A numeral written backwards, like a flipped 3 — what is the risk?"
ssg2-01-03,2,i1,7.9,5.9,,Build a pentagon. Use the side control first; other attributes can vary without changing the family name.
khm-02-02,0,i1,5.8,5.8,,You counted 6 shells. Show the answer again — without recounting.
khm-02-02,0,i2,5.8,5.8,,You counted 6 shells. Show the answer again — without recounting.
kmd-01-01,0,k3,5.8,5.8,,"Which question does a seesaw answer, and which does a ruler answer?"
kmd-01-04,0,ch1,5.8,5.8,,"Which question does a seesaw answer, and which does a ruler answer?"
md-05-03,3,i2,8.8,5.8,,"Sort each statement about area and perimeter: always true, or a myth?"
kcw-03-04,0,k1,5.8,5.8,,"Numeral 4, the word “four”, and a picture of 4 dots — how are they related?"
pv2-02-02,4,i2,9.8,5.8,,"Sort each number: does its reading SKIP a silent zero digit, or does every digit speak normally?"
g1a-03-04,1,i1,6.7,5.7,,Check a chosen strategy against the actual hop.
g1a-03-04,1,i2,6.7,5.7,,Check a chosen strategy against the actual hop.
k100-01-01,0,i2,5.7,5.7,,"Drag these into counting order, smallest first."
k100-01-02,0,i2,5.7,5.7,,"Drag these into counting order, smallest first."
k100-01-03,0,i2,5.7,5.7,,"Drag these into counting order, smallest first."
k100-01-04,0,i2,5.7,5.7,,"Drag these into counting order, smallest first."
k100-01-05,0,i2,5.7,5.7,,"Drag these into counting order, smallest first."
k100-01-06,0,i2,5.7,5.7,,"Drag these into counting order, smallest first."
k100-02-01,0,i2,5.7,5.7,,"Drag these into counting order, smallest first."
k100-02-02,0,i2,5.7,5.7,,"Drag these into counting order, smallest first."
k100-02-03,0,i2,5.7,5.7,,"Drag these into counting order, smallest first."
k100-02-04,0,i2,5.7,5.7,,"Drag these into counting order, smallest first."
k100-02-05,0,i2,5.7,5.7,,"Drag these into counting order, smallest first."
k100-03-01,0,i2,5.7,5.7,,"Drag these into counting order, smallest first."
k100-03-02,0,i2,5.7,5.7,,"Drag these into counting order, smallest first."
k100-03-03,0,i2,5.7,5.7,,"Drag these into counting order, smallest first."
k100-03-04,0,i2,5.7,5.7,,"Drag these into counting order, smallest first."
k100-03-05,0,i2,5.7,5.7,,"Drag these into counting order, smallest first."
k100-03-06,0,i2,5.7,5.7,,"Drag these into counting order, smallest first."
k100-03-07,0,i2,5.7,5.7,,"Drag these into counting order, smallest first."
kmd-01-04,0,i1,5.7,5.7,,The frame already has 2 red buttons. Add 3 blue buttons so it shows 5 buttons altogether.
kmd-01-04,0,i2,5.7,5.7,,The frame already has 2 red buttons. Add 3 blue buttons so it shows 5 buttons altogether.
kmd-01-04,0,k2,5.7,5.7,,The frame already has 3 red buttons. Add 4 blue buttons so it shows 7 buttons altogether.
kmd-03-03,0,i1,5.7,5.7,,The frame already has 3 red buttons. Add 4 blue buttons so it shows 7 buttons altogether.
kmd-03-03,0,k1,5.7,5.7,,The frame already has 3 red buttons. Add 3 blue buttons so it shows 6 buttons altogether.
kmd-03-03,0,i2,5.7,5.7,,The frame already has 3 red buttons. Add 4 blue buttons so it shows 7 buttons altogether.
kmd-03-03,0,ch1,5.7,5.7,,The frame already has 2 red buttons. Add 5 blue buttons so it shows 7 buttons altogether.
pv2-03-03,4,k2,9.7,5.7,,"Using front-end estimation, what is 68,412 + 21,955 estimated as?"
smg1-01-03,1,k2,6.7,5.7,,How many edges does a rectangular prism have?
g2b-01-05,2,i1,7.6,5.6,,"Build 523 standard — imagine it arrived as 4 flats, 11 rods, 13 cubes."
g2b-01-05,2,i2,7.6,5.6,,"Build 523 standard — imagine it arrived as 4 flats, 11 rods, 13 cubes."
c120-03-02,1,k3,6.6,5.6,,Which numeral is 'fourteen'?
g2p-03-01,2,i1,7.6,5.6,,"The story's two bars, aligned: which quantity is longer?"
g2p-03-01,2,i2,7.6,5.6,,"The story's two bars, aligned: which quantity is longer?"
g4v-01-03,4,k3,9.6,5.6,,"Converting 5 kilograms into grams, do you multiply or divide by 1,000?"
g4v-01-04,4,k2,9.6,5.6,,"Converting 5 kilograms into grams, do you multiply or divide by 1,000?"
g4v-02-02,4,k3,9.6,5.6,,"Converting 5 kilograms into grams, do you multiply or divide by 1,000?"
fa-04-01,4,i2,9.5,5.5,,"Sort each improper fraction: does it convert to an EXACT whole number, or a true mixed number with a fraction part?"
pv2-05-02,4,ch1,9.5,5.5,,"A fifth town, Elmsworth, has a population of 'six hundred four thousand fifty.' Ordering all five towns (Ashville, Bridgeton, Cedar Falls, Dunmore, Elmsworth) from least "
c120-04-02,1,k2,6.4,5.4,,How many leftover ONES are in 85?
g2g-02-02,2,k1,7.4,5.4,,The picture graph shows 5 stickers pictures for Wednesday. Each picture equals 1 sticker. How many stickers on Wednesday?
md-02-02,3,k1,8.4,5.4,,Which measurement is given in LITERS?
pv-02-02,3,k1,8.4,5.4,,Rounding 368 to the nearest hundred — which digit decides the answer?
geo-01-01,3,i2,8.4,5.4,,"Tap every shape that follows the triangle rules (3 straight sides, closed) — ignore color and size."
geo-01-02,3,k3,8.4,5.4,,"Which of these is a quadrilateral: a rectangle, a rhombus, a trapezoid, or a square?"
fa-01-02,4,k3,9.3,5.3,,2/6 was made by slicing every piece of a smaller fraction into 2 pieces each. What was the ORIGINAL fraction's numerator (before slicing)?
kcm-02-03,0,ch1,5.2,5.2,,Which number comes between 5 and 7?
kcm-02-04,0,k2,5.2,5.2,,What number comes right after 17?
kcm-02-04,0,ch1,5.2,5.2,,Which number comes between 7 and 9?
kcm-03-01,0,k2,5.2,5.2,,What number comes right after 5?
kcm-03-01,0,ch1,5.2,5.2,,Which number comes between 2 and 4?
kcm-03-03,0,k2,5.2,5.2,,What number comes right after 16?
kcm-03-03,0,ch1,5.2,5.2,,Which number comes between 6 and 8?
k100-01-02,0,k2,5.2,5.2,,What number comes right after 39?
k100-01-06,0,k3,5.2,5.2,,What number comes right after 99?
kc-01-03,0,k1,5.2,5.2,,What number comes right after 6?
kc-01-03,0,k3,5.2,5.2,,Which number comes right after 8?
kc-02-03,0,k2,5.2,5.2,,Which number comes between 7 and 9?
kc-02-03,0,ch1,5.2,5.2,,"Drag ALL FOUR into counting order, smallest first."
kc-03-02,0,k1,5.2,5.2,,What number comes right after 19?
g2g-03-02,2,i1,7.2,5.2,,A compare question begins with a careful read: Thursday's bar.
g2g-03-02,2,i2,7.2,5.2,,A compare question begins with a careful read: Thursday's bar.
khm-01-03,0,k2,5.2,5.2,,Which number comes between 3 and 5?
khm-03-01,0,k1,5.2,5.2,,What number comes right after 14?
khm-03-01,0,k3,5.2,5.2,,What number comes right after 13?
khm-03-01,0,ch1,5.2,5.2,,Which number comes between 5 and 7?
khm-03-02,0,k2,5.2,5.2,,What number comes right after 15?
khm-03-02,0,ch1,5.2,5.2,,What number comes right after 15?
kcw-01-04,0,k1,5.2,5.2,,What does the numeral 0 promise?
kcw-02-05,0,k1,5.2,5.2,,What does the numeral 20 report?
pv2-04-03,4,i2,9.2,5.2,,Match each minuend to how many zeros its borrow chain must pass through (when borrowing into the rightmost digit).
pv-04-01,3,i1,8.2,5.2,,"Build the tens version of 4 × 60, finished answer included."
ks-01-02,0,k3,5.2,5.2,,What decides a shape's name?
kgb-01-03,0,ch1,5.2,5.2,,What is the opposite position of “left of”?
ssg2-02-01,2,k1,7.2,5.2,,A rectangle is partitioned into 2 rows and 5 columns of unit squares. How many unit squares in all?
ssg2-02-01,2,i2,7.2,5.2,,A rectangle is partitioned into 4 rows and 4 columns of unit squares. How many unit squares in all?
ssg2-02-01,2,i3,7.2,5.2,,A rectangle is partitioned into 1 rows and 6 columns of unit squares. How many unit squares in all?
ssg2-02-01,2,k2,7.2,5.2,,A rectangle is partitioned into 3 rows and 5 columns of unit squares. How many unit squares in all?
ssg2-02-01,2,k3,7.2,5.2,,A rectangle is partitioned into 5 rows and 2 columns of unit squares. How many unit squares in all?
ssg2-02-01,2,ch1,7.2,5.2,,A rectangle is partitioned into 6 rows and 4 columns of unit squares. How many unit squares in all?
ssg2-02-02,2,i1,7.2,5.2,,A rectangle is partitioned into 5 rows and 5 columns of unit squares. How many unit squares in all?
ssg2-02-02,2,k1,7.2,5.2,,A rectangle is partitioned into 7 rows and 2 columns of unit squares. How many unit squares in all?
ssg2-02-02,2,i2,7.2,5.2,,A rectangle is partitioned into 2 rows and 7 columns of unit squares. How many unit squares in all?
ssg2-02-02,2,i3,7.2,5.2,,A rectangle is partitioned into 6 rows and 6 columns of unit squares. How many unit squares in all?
ssg2-02-02,2,k2,7.2,5.2,,A rectangle is partitioned into 3 rows and 7 columns of unit squares. How many unit squares in all?
ssg2-02-02,2,k3,7.2,5.2,,A rectangle is partitioned into 8 rows and 3 columns of unit squares. How many unit squares in all?
ssg2-02-02,2,ch1,7.2,5.2,,A rectangle is partitioned into 7 rows and 7 columns of unit squares. How many unit squares in all?
ssg2-02-03,2,i1,7.2,5.2,,A rectangle is partitioned into 4 rows and 6 columns of unit squares. How many unit squares in all?
ssg2-02-03,2,k1,7.2,5.2,,A rectangle is partitioned into 3 rows and 3 columns of unit squares. How many unit squares in all?
ssg2-02-03,2,i2,7.2,5.2,,A rectangle is partitioned into 8 rows and 8 columns of unit squares. How many unit squares in all?
ssg2-02-03,2,i3,7.2,5.2,,A rectangle is partitioned into 4 rows and 5 columns of unit squares. How many unit squares in all?
ssg2-02-03,2,k2,7.2,5.2,,A rectangle is partitioned into 5 rows and 4 columns of unit squares. How many unit squares in all?
ssg2-02-03,2,k3,7.2,5.2,,A rectangle is partitioned into 6 rows and 3 columns of unit squares. How many unit squares in all?
ssg2-02-03,2,ch1,7.2,5.2,,A rectangle is partitioned into 9 rows and 4 columns of unit squares. How many unit squares in all?
knb-02-01,0,ch1,5.2,5.2,,What number comes right after 17?
knb-03-02,0,ch1,5.2,5.2,,What number comes right after 17?
g4x-03-04,4,k1,9.1,5.1,,"Roughly how big is 7 × 5/6, without computing exactly?"
g4x-03-04,4,k3,9.1,5.1,,"Roughly how big is 7 × 5/6, without computing exactly?"
fa-03-02,4,i2,9.1,5.1,,"Sort each answer: is it a CORRECT difference, or does it fall into the denominator trap?"
la-02-02,4,i2,9.1,5.1,,"Sort each example: perpendicular, or just crossing?"
mb-02-01,4,i1,9.1,5.1,,Tap every rectangle that uses EXACTLY 12 tiles with none left over.
mb-02-03,4,i2,9.1,5.1,,"Tap every PRIME number (only a 1×n rectangle, exactly two factors)."
kcm-01-03,0,k2,5.0,5.0,,When can your eyes alone compare two groups safely?
kcm-02-02,0,k1,5.0,5.0,,When can your eyes alone compare two groups safely?
g2g-01-01,2,i1,7.0,5.0,,Measure this ribbon of the group with one-unit blocks: align its start and tile it exactly.
g2g-01-01,2,i2,7.0,5.0,,Measure this ribbon of the group with one-unit blocks: align its start and tile it exactly.
g2p-01-03,2,i1,7.0,5.0,,"Measure the ribbon with one-unit blocks: align its start, place four with no gaps or overlaps."
g2p-01-03,2,i2,7.0,5.0,,"Measure the ribbon with one-unit blocks: align its start, place four with no gaps or overlaps."
kgb-01-02,0,k1,5.0,5.0,,What is the opposite position of “in front of”?
kgb-01-05,0,k1,5.0,5.0,,A triangle — how many sides and how many corners?
kgb-01-05,0,ch1,5.0,5.0,,A square — how many sides and how many corners?
kgb-02-01,0,ch1,5.0,5.0,,A triangle — how many sides and how many corners?
kgb-02-03,0,k1,5.0,5.0,,A square — how many sides and how many corners?
kgb-02-04,0,k1,5.0,5.0,,A triangle — how many sides and how many corners?
kgb-02-04,0,ch1,5.0,5.0,,A square — how many sides and how many corners?
kgb-02-05,0,k1,5.0,5.0,,What separates a FLAT shape from a SOLID shape?
kgb-02-05,0,k2,5.0,5.0,,Why can cans be stacked into a steady tower?
kgb-03-02,0,ch1,5.0,5.0,,A triangle — how many sides and how many corners?
knb-01-02,0,k2,5.0,5.0,,Why build the ten BEFORE adding the extra ones?
g2g-02-02,2,ch1,6.9,4.9,,Tuesday has 5 votes and Wednesday has 9 votes. How many more votes on Wednesday?
g2g-02-04,2,k2,6.9,4.9,,Tuesday has 3 votes and Wednesday has 7 votes. How many more votes on Wednesday?
g2g-03-02,2,k1,6.9,4.9,,Tuesday has 3 votes and Wednesday has 8 votes. How many more votes on Wednesday?
mult-03-01,3,k3,7.9,4.9,,Rico reads 9 pages every morning and 9 pages every evening. How many pages does he read each day?
g4s-01-02,4,i1,8.9,4.9,,"6 boxes of 9 pencils, 14 given away, 20 bought — estimate what remains."
g4s-01-02,4,i2,8.9,4.9,,"6 boxes of 9 pencils, 14 given away, 20 bought — estimate what remains."
kc-04-03,0,k2,4.8,4.8,,6 cherries shared EQUALLY between two bowls. How many in each bowl?
dgr1-02-02,1,ch1,5.8,4.8,,"Votes: Grapes 5, Melon 4, Kiwi 2. How many votes in all?"
fa-04-03,4,i2,8.8,4.8,,"Sort each operation: does it need regrouping (carrying or borrowing), or not?"
md-04-01,3,i2,7.8,4.8,,"Sort each cover: does it measure area honestly (no gaps, no overlaps)?"
kcw-02-01,0,i1,4.8,4.8,,"Count the group of 9, then show the amount your numeral must record."
kcw-02-01,0,i2,4.8,4.8,,"Count the group of 9, then show the amount your numeral must record."
kgb-02-01,0,i1,4.8,4.8,,"Measure the rectangle's long side. Align zero with its start, then place 5 one-unit blocks with no gaps or overlaps."
kgb-02-01,0,i2,4.8,4.8,,"Measure the rectangle's long side. Align zero with its start, then place 5 one-unit blocks with no gaps or overlaps."
geo-01-01,3,i1,7.8,4.8,,Sort each feature of a triangle: is it an entry RULE (defining) or just a COSTUME (non-defining)?
g1s-03-03,1,k3,5.7,4.7,,How can a hexagon be taken apart?
c120-01-01,1,i2,5.7,4.7,,"Drag these into counting order, smallest first."
c120-01-03,1,i1,5.7,4.7,,"Drag these into counting order, smallest first."
c120-01-03,1,i2,5.7,4.7,,"Drag these into counting order, smallest first."
c120-04-03,1,k3,5.7,4.7,,"Counting by ones, what comes right after 100?"
g2g-02-01,2,i1,6.7,4.7,,"Build the picture graph: Monday 4 finds, Tuesday 6, Wednesday 3."
g2g-02-01,2,i2,6.7,4.7,,"Build the picture graph: Monday 4 finds, Tuesday 6, Wednesday 3."
fa-01-03,4,k3,8.7,4.7,,Simplify 15/20 to lowest terms. What is the denominator (bottom) of the simplified fraction?
pv2-04-03,4,k3,8.7,4.7,,"When a borrow chain reaches past two zero digits to find a nonzero one, what happens to those two zeros?"
ssg2-01-02,2,k3,6.7,4.7,,How many vertices does a square pyramid have?
df3-03-04,3,i2,7.6,4.6,,Build an array showing 56 apples split evenly into 8 bags.
md-02-03,3,i1,7.6,4.6,,Connect each story phrase to the operation it signals.
mult-04-03,3,i1,7.6,4.6,,"Turn a story into an equation with a letter, then catch the letter's number."
pv-02-03,3,i2,7.6,4.6,,"Sort each number: is it exactly halfway (rule needed), or does it have a closer neighbor?"
geo-01-03,3,i2,7.6,4.6,,"Order these clubs from the LOOSEST (most members) to the STRICTEST (fewest), as nested boxes."
k100-02-01,0,k2,4.5,4.5,,Counting by tens — what comes after 30?
k100-02-02,0,k2,4.5,4.5,,Counting by tens — what comes after 80?
k100-02-02,0,k3,4.5,4.5,,Counting by tens — what comes after 90?
k100-02-04,0,k1,4.5,4.5,,Counting by tens — what comes after 30?
k100-02-04,0,k3,4.5,4.5,,Counting by tens — what comes after 80?
k100-02-04,0,ch1,4.5,4.5,,Counting by tens — what comes after 60?
k100-02-05,0,k3,4.5,4.5,,Counting by tens — what comes after 20?
fa-01-02,4,i1,8.5,4.5,,Build a fraction equal to 2/3 that uses NINE pieces in the whole (denominator 9).
fa-03-01,4,k1,8.5,4.5,,2/11 + 5/11 = 7/?. What is the denominator?
fa-03-01,4,k3,8.5,4.5,,6/13 + 5/13 = 11/?. What is the denominator?
fa-03-02,4,k1,8.5,4.5,,7/9 − 2/9 = 5/?. What is the denominator?
mc-05-03,4,ch1,8.5,4.5,,"Using the button-width plot (1/4×2, 3/8×1, 1/2×3, 5/8×1, 3/4×1): how many MORE buttons measured at least 1/2 inch than measured less than 1/2 inch?"
ks-01-03,0,k2,4.5,4.5,,What is the OPPOSITE of above?
ks-02-02,0,i1,4.5,4.5,,Tap every solid that can ROLL.
knb-02-04,0,k1,4.5,4.5,,Which equation tells the truth about 15?
dgr1-01-01,1,ch1,5.4,4.4,,A class wants to collect data about favorite colors. Which is a good survey question?
g2g-03-01,2,k1,6.4,4.4,,20 + 19 = ? (Thursday's and Friday's counts put together)
g2g-03-01,2,ch1,6.4,4.4,,29 + 33 = ? (Thursday's and Friday's counts put together)
g2g-03-02,2,k3,6.4,4.4,,36 + 22 = ? (Thursday's and Friday's counts put together)
fa-02-02,4,i2,8.4,4.4,,"Sort each pair: does the halfway stepping stone settle the comparison, or do you need another method?"
la-02-01,4,ch1,8.4,4.4,,"A parking lot has painted lines dividing it into equal-width spaces, each line staying the same distance from its neighbors along its whole length. Are neighboring lines "
la-02-03,4,k2,8.4,4.4,,A tic-tac-toe grid has 2 horizontal lines and 2 vertical lines. How many perpendicular crossing PAIRS are there in total?
la-04-03,4,ch1,8.4,4.4,,"A road sign is shaped like an equilateral triangle, with all three angles measuring 60° (which you learned classifies it as an acute triangle). How many lines of symmetry"
mc-01-03,4,i1,8.4,4.4,,Match each amount to its equivalent in a different unit.
mc-05-01,4,k2,8.4,4.4,,"A measurement reads 4/8 inch. Simplified to lowest terms, what is the denominator?"
g1m-02-01,1,k1,5.4,4.4,,Exactly 9 same-size cubes cover a ribbon with no gaps and no overlaps. How long is the ribbon in cubes?
g1m-02-01,1,k3,5.4,4.4,,Exactly 8 same-size cubes cover a ribbon with no gaps and no overlaps. How long is the ribbon in cubes?
g1m-02-02,1,k2,5.4,4.4,,Exactly 5 same-size cubes cover a ribbon with no gaps and no overlaps. How long is the ribbon in cubes?
g1m-02-03,1,k1,5.4,4.4,,Exactly 6 same-size cubes cover a ribbon with no gaps and no overlaps. How long is the ribbon in cubes?
g1m-02-03,1,k2,5.4,4.4,,Exactly 9 same-size cubes cover a ribbon with no gaps and no overlaps. How long is the ribbon in cubes?
g1m-03-01,1,k1,5.4,4.4,,Exactly 9 same-size cubes cover a ribbon with no gaps and no overlaps. How long is the ribbon in cubes?
g1m-03-02,1,k2,5.4,4.4,,Exactly 7 same-size cubes cover a ribbon with no gaps and no overlaps. How long is the ribbon in cubes?
g1m-03-03,1,k3,5.4,4.4,,Exactly 8 same-size cubes cover a ribbon with no gaps and no overlaps. How long is the ribbon in cubes?
g4m-01-01,4,k2,8.4,4.4,,Why does knowing 3 × 4 = 12 immediately give you 30 × 4 = 120?
g4m-03-01,4,k2,8.4,4.4,,"Before computing 3,612 ÷ 6, which estimate helps most?"
g4m-03-04,4,k1,8.4,4.4,,"Before computing 3,612 ÷ 6, which estimate helps most?"
g4m-03-04,4,k3,8.4,4.4,,"Before computing 3,612 ÷ 6, which estimate helps most?"
g4s-02-01,4,k3,8.4,4.4,,74 hikers ride buses holding 9. The division gives 8 remainder 2. How many buses?
pv1000-03-01,2,k3,6.4,4.4,,"What number is ""six hundred nineteen""?"
g2b-01-01,2,k3,6.3,4.3,,"Before computing 367 + 173, about how big should the answer be?"
g2b-01-02,2,k3,6.3,4.3,,"Before computing 382 + 234, about how big should the answer be?"
g2b-02-01,2,k3,6.3,4.3,,"Before computing 477 + 244, about how big should the answer be?"
g2b-03-05,2,k3,6.3,4.3,,"Before computing 273 + 242, about how big should the answer be?"
g2g-01-01,2,k1,6.3,4.3,,"To measure every ribbon in a group fairly, what must stay the SAME for all of them?"
kmd-01-01,0,i1,4.3,4.3,,"Measure the ribbon. Align zero with its start, then place 4 one-unit blocks with no gaps or overlaps."
kmd-01-01,0,i2,4.3,4.3,,"Measure the ribbon. Align zero with its start, then place 4 one-unit blocks with no gaps or overlaps."
kmd-02-04,0,i1,4.3,4.3,,"Measure the tower. Align zero with its start, then place 5 one-unit blocks with no gaps or overlaps."
kmd-02-04,0,i2,4.3,4.3,,"Measure the tower. Align zero with its start, then place 5 one-unit blocks with no gaps or overlaps."
mmt-03-02,2,ch1,6.3,4.3,,"How many cents is 2 quarters, 2 dimes, 3 nickels, and 4 pennies?"
kcw-03-02,0,i1,4.3,4.3,,The card orders 7. Build exactly that many.
kcw-03-02,0,i2,4.3,4.3,,The card orders 7. Build exactly that many.
kgb-01-04,0,i1,4.3,4.3,,"Measure the square's side. Align zero with its start, then place 4 one-unit blocks with no gaps or overlaps."
kgb-01-04,0,i2,4.3,4.3,,"Measure the square's side. Align zero with its start, then place 4 one-unit blocks with no gaps or overlaps."
geo-03-01,3,i2,7.3,4.3,,"Tap every shape that is split into EQUAL parts (any shape of piece, as long as the sizes match)."
as-04-01,1,i2,5.2,4.2,,Match each addition to the total it makes.
as-04-02,1,i1,5.2,4.2,,Match each addition to the amount it equals.
as-04-02,1,i2,5.2,4.2,,Match each addition to the amount it equals.
g1t-01-01,1,k3,5.2,4.2,,"Maggie finds 3 pinecones, then 6 more, then 4 more. Which equation matches?"
g1t-02-02,1,k1,5.2,4.2,,"Maggie finds 6 pinecones, then 4 more, then 2 more. Which equation matches?"
g1t-02-02,1,k3,5.2,4.2,,"Maggie finds 4 pinecones, then 6 more, then 2 more. Which equation matches?"
c120-01-02,1,k1,5.2,4.2,,What number comes right after 39?
c120-01-02,1,k2,5.2,4.2,,What number comes right after 49?
c120-03-02,1,ch1,5.2,4.2,,Write 'eighteen' as a numeral.
c120-03-03,1,k1,5.2,4.2,,What number comes right after 100?
md-02-01,3,i1,7.2,4.2,,Which unit keeps each object's number friendly — grams or kilograms?
g4m-02-01,4,i1,8.2,4.2,,38 × 52 — slide to estimate the product before computing it.
g4m-02-01,4,i2,8.2,4.2,,38 × 52 — slide to estimate the product before computing it.
mult-01-05,3,i1,7.2,4.2,,Why does turning an array sideways never change the total?
pv2-01-03,4,k2,8.2,4.2,,Which number equals 3 hundred-thousands + 2 ten-thousands + 5 ones?
pv-02-04,3,k2,7.2,4.2,,Estimate 512 − 289 by rounding each number to the nearest hundred first.
ks-03-01,0,i1,4.2,4.2,,"Measure the ribbon. Align zero with its start, choose one-unit blocks, and place four blocks with no gaps or overlaps."
ks-03-01,0,ch1,4.2,4.2,,"Two ribbons look equal, but one starts ahead of the other. Make the compare fair, then tap the longer ribbon."
kgb-02-02,0,i1,4.2,4.2,,"Measure the small square's side. Align zero with its start, then place 3 one-unit blocks with no gaps or overlaps."
kgb-02-02,0,i2,4.2,4.2,,"Measure the small square's side. Align zero with its start, then place 3 one-unit blocks with no gaps or overlaps."
c120-01-03,1,ch1,5.1,4.1,,"Drag into counting order, smallest first (it crosses 50!)."
g2g-02-01,2,k2,6.1,4.1,,The picture graph shows 5 pinecones pictures for Tuesday. Each picture equals 1 find. How many finds on Tuesday?
g2g-02-02,2,k3,6.1,4.1,,The picture graph shows 9 stickers pictures for Monday. Each picture equals 1 sticker. How many stickers on Monday?
dg4-03-06,4,k1,8.1,4.1,,A ribbon measures 42 centimeters. One meter is 100 centimeters. Write the ribbon's length in meters as a decimal.
dg4-03-06,4,k2,8.1,4.1,,A ribbon measures 7 centimeters. One meter is 100 centimeters. Write the ribbon's length in meters as a decimal.
dg4-03-06,4,k3,8.1,4.1,,A ribbon measures 65 centimeters. One meter is 100 centimeters. Write the ribbon's length in meters as a decimal.
dg4-03-06,4,ch1,8.1,4.1,,A ribbon measures 89 centimeters. One meter is 100 centimeters. Write the ribbon's length in meters as a decimal.
g2p-03-04,2,i1,6.1,4.1,,"A suspicious result, drawn: the 'computed gap' towers over the item it should fit inside. Which bar is longer?"
g2p-03-04,2,i2,6.1,4.1,,"A suspicious result, drawn: the 'computed gap' towers over the item it should fit inside. Which bar is longer?"
mmt-05-01,2,k3,6.1,4.1,,The picture graph shows 0 apple pictures for Saturday. Each picture equals 1 vote. How many votes on Saturday?
ks-03-03,0,ch1,4.1,4.1,,"You sort shapes: 3 circles, 4 squares, 2 triangles. Tap the BIGGEST group."
g2g-02-02,2,k2,6.0,4.0,,Wednesday has 6 votes and Thursday has 10 votes. How many more votes on Thursday?
g2g-02-04,2,ch1,6.0,4.0,,Wednesday has 5 votes and Thursday has 9 votes. How many more votes on Thursday?
g2g-03-02,2,k2,6.0,4.0,,Wednesday has 4 votes and Thursday has 9 votes. How many more votes on Thursday?
g2g-03-02,2,ch1,6.0,4.0,,Wednesday has 6 votes and Thursday has 8 votes. How many more votes on Thursday?
g4x-02-04,4,ch1,8.0,4.0,,Simplify 10/12 by dividing both by 2. What is the simplified numerator (top)?
fa-01-03,4,k1,8.0,4.0,,Simplify 10/20 by dividing both by 10. What is the simplified numerator (top)?
fa-01-03,4,k2,8.0,4.0,,What is the greatest common factor of 12 and 18 (useful for simplifying 12/18)?
g2p-01-02,2,k2,6.0,4.0,,The clothesline measures 56 cm and the jump rope measures 27 cm. How much longer is the clothesline?
g2p-03-04,2,ch1,6.0,4.0,,The clothesline measures 63 cm and the jump rope measures 39 cm. How much longer is the clothesline?
g1m-01-01,1,k2,5.0,4.0,,The ribbon is 10 cubes long and the pencil is 7 cubes long. How many cubes longer is the ribbon?
g1m-01-02,1,ch1,5.0,4.0,,The ribbon is 15 cubes long and the pencil is 11 cubes long. How many cubes longer is the ribbon?
g1m-01-04,1,k3,5.0,4.0,,The ribbon is 10 cubes long and the pencil is 8 cubes long. How many cubes longer is the ribbon?
g1m-01-04,1,ch1,5.0,4.0,,The ribbon is 16 cubes long and the pencil is 2 cubes long. How many cubes longer is the ribbon?
g1m-02-01,1,k2,5.0,4.0,,The ribbon is 9 cubes long and the pencil is 7 cubes long. How many cubes longer is the ribbon?
g1m-03-02,1,k3,5.0,4.0,,The ribbon is 13 cubes long and the pencil is 3 cubes long. How many cubes longer is the ribbon?
g2l-03-04,2,i1,6.0,4.0,,"Maggie hikes from marker 35, thirty meters onward: three ten-hops."
g2l-03-04,2,i2,6.0,4.0,,"Maggie hikes from marker 35, thirty meters onward: three ten-hops."
pv1000-03-03,2,i2,6.0,4.0,,"Drag the four numbers into order, least to greatest. Every one uses only the digits 2, 6, and 7."
smg1-01-03,1,k3,5.0,4.0,,Which solid has 6 flat faces and no curved surface?
smg1-02-01,1,i1,5.0,4.0,,"If you split a whole into halves, how many equal parts do you get?"
smg1-02-01,1,ch1,5.0,4.0,,"If a whole is split into halves, how many equal parts do you get?"
smg1-02-02,1,i3,5.0,4.0,,"If you split a whole into quarters, how many equal parts do you get?"
g1s-02-02,1,k1,4.9,3.9,,Two squares are pushed together side by side to make a rectangle. How many corners does a rectangle have?
g1s-03-03,1,k1,4.9,3.9,,Two squares are pushed together side by side to make a rectangle. How many sides does a rectangle have?
g2g-01-02,2,k1,5.9,3.9,,"You measured five ribbons: 6, 8, 6, 7, 6 cm. Which record keeps ALL the information?"
g2g-01-02,2,k3,5.9,3.9,,"You measured five ribbons: 6, 8, 6, 7, 6 cm. Which record keeps ALL the information?"
g2g-01-03,2,k3,5.9,3.9,,"You measured five ribbons: 6, 8, 6, 7, 6 cm. Which record keeps ALL the information?"
md-01-02,3,i2,6.9,3.9,,Order these times from EARLIEST to latest — translate the names first.
g4s-02-03,4,k1,7.9,3.9,,A student computes 7 × 68 − 90 and gets 386. Estimating gives 7 × 70 − 90 = 400. What follows?
g4s-02-03,4,k3,7.9,3.9,,A student computes 7 × 68 − 90 and gets 386. Estimating gives 7 × 70 − 90 = 400. What follows?
g4s-03-01,4,k3,7.9,3.9,,A student computes 7 × 68 − 90 and gets 386. Estimating gives 7 × 70 − 90 = 400. What follows?
tno-01-01,1,i1,4.9,3.9,,"Build 30 any way you like — all rods, rods and cubes, whatever lands on 30."
as-04-01,1,i1,4.8,3.8,,Use the family to match each subtraction to what's left.
g2a-01-03,2,k2,5.8,3.8,,What kind of number is an even number plus an even number?
g1s-01-02,1,k3,4.8,3.8,,Which of these can change WITHOUT a rectangle stopping being a rectangle?
c120-02-01,1,i2,4.8,3.8,,Drag these into the order they appear across a row.
c120-02-02,1,i2,4.8,3.8,,Drag these into the order they appear across the row.
dgr1-03-04,1,k1,4.8,3.8,,"Votes: Cats 8, Dogs 5, Fish 3. Which sentence tells the data's story truthfully?"
dgr1-03-04,1,k2,4.8,3.8,,"Votes: Sun 9, Rain 4, Snow 2. Which sentence tells the data's story truthfully?"
dgr1-03-04,1,k3,4.8,3.8,,"Votes: Ants 2, Bees 7, Moths 4. Which sentence tells the data's story truthfully?"
dgr1-03-04,1,ch1,4.8,3.8,,"Votes: Oak 5, Pine 8, Elm 3. Which sentence tells the data's story truthfully?"
g2g-02-03,2,k3,5.8,3.8,,You measured 20 ribbons to the nearest centimeter and want to see which lengths repeat. Which display fits?
g2g-03-03,2,k1,5.8,3.8,,You measured 20 ribbons to the nearest centimeter and want to see which lengths repeat. Which display fits?
g2n-03-02,2,i1,5.8,3.8,,"Backward check: starting from the back pair's 29, hop the remaining ten-addend."
g2n-03-02,2,i2,5.8,3.8,,"Backward check: starting from the back pair's 29, hop the remaining ten-addend."
fa-01-01,4,i2,7.8,3.8,,Sort each equivalent pair by what multiplier connects its top and bottom.
la-04-02,4,ch1,7.8,3.8,,A stained-glass window is shaped like a regular octagon (8 equal sides). How many lines of symmetry does it have?
la-04-03,4,k1,7.8,3.8,,Does the block capital letter T have a vertical line of symmetry?
kmd-01-01,0,k2,3.8,3.8,,Compare the three ribbons from one start line and tap the longest.
kmd-01-02,0,k2,3.8,3.8,,Compare the three ribbons from one start line and tap the longest.
kmd-01-02,0,k3,3.8,3.8,,Compare the three towers from one start line and tap the tallest.
kmd-01-02,0,ch1,3.8,3.8,,Compare the three ribbons from one start line and tap the longest.
kmd-02-01,0,k1,3.8,3.8,,Compare the three ribbons from one start line and tap the longest.
kmd-02-01,0,k2,3.8,3.8,,Compare the three pencils from one start line and tap the longest.
kmd-02-01,0,ch1,3.8,3.8,,Compare the three ribbons from one start line and tap the longest.
kmd-02-03,0,ch1,3.8,3.8,,Compare the three ribbons from one start line and tap the longest.
kmd-02-04,0,k1,3.8,3.8,,Compare the three towers from one start line and tap the tallest.
kmd-02-04,0,ch1,3.8,3.8,,Compare the three ribbons from one start line and tap the longest.
g1m-01-01,1,k1,4.8,3.8,,Two ribbons lie side by side but one starts 3 units further along. What must you do before deciding which is longer?
g1m-01-01,1,k3,4.8,3.8,,Two ribbons lie side by side but one starts 2 units further along. What must you do before deciding which is longer?
g1m-01-02,1,k2,4.8,3.8,,Two ribbons lie side by side but one starts 4 units further along. What must you do before deciding which is longer?
g1m-03-01,1,i1,4.8,3.8,,"Measure the scarf with one-unit cubes — eight, touching end to end."
g1m-03-01,1,i2,4.8,3.8,,"Measure the scarf with one-unit cubes — eight, touching end to end."
mb-02-03,4,i1,7.8,3.8,,Sort each number by how many different rectangles its tiles can make.
ks-02-03,0,i1,3.8,3.8,,You snap two same-size triangles together along their longest sides. Tap what they can make.
smg1-01-03,1,i3,4.8,3.8,,Touch each vertex of the rectangular prism to count it.
g3w-02-03,3,i1,6.8,3.8,,"Build the bar model: 4 equal parts of 7, before anything is crossed off."
g3w-02-03,3,i2,6.8,3.8,,"Build the bar model: 4 equal parts of 7, before anything is crossed off."
koa-01-01,0,k2,3.7,3.7,,One group has 4 apples. Another group has 3 apples. Put them together. How many apples in all?
koa-01-05,0,ch1,3.7,3.7,,One group has 4 apples. Another group has 3 apples. Put them together. How many apples in all?
koa-03-02,0,k1,3.7,3.7,,A basket holds 8 apples. Someone takes out 3. How many apples are in the basket now?
koa-03-02,0,ch1,3.7,3.7,,A basket holds 10 apples. Someone takes out 5. How many apples are in the basket now?
koa-03-09,0,i1,3.7,3.7,,"Hop forward zero times from 6 — that is, do not move."
g2b-02-02,2,i1,5.7,3.7,,Show 43 broken for subtraction: 3 rods and 13 cubes.
g2b-02-02,2,i2,5.7,3.7,,Show 43 broken for subtraction: 3 rods and 13 cubes.
g2a-02-03,2,i1,5.7,3.7,,Tap every counter in the LEFT column.
g2a-02-03,2,i2,5.7,3.7,,Tap every counter in the LEFT column.
k100-01-01,0,k3,3.7,3.7,,"Fill the missing number: 24, 25, __, 27."
k100-01-02,0,k3,3.7,3.7,,"Fill the missing number: 28, 29, __, 31."
k100-01-03,0,k3,3.7,3.7,,"Fill the missing number: 44, 45, __, 47."
k100-01-04,0,k3,3.7,3.7,,"Fill the missing number: 58, 59, __, 61."
k100-01-05,0,k3,3.7,3.7,,"Fill the missing number: 87, 88, __, 90."
k100-01-06,0,k2,3.7,3.7,,"Fill the missing number: 96, 97, __, 99."
k100-02-01,0,k3,3.7,3.7,,"Fill the missing number: 21, 22, __, 24."
k100-03-01,0,k3,3.7,3.7,,"Fill the missing number: 11, 12, __, 14."
k100-03-02,0,k3,3.7,3.7,,"Fill the missing number: 57, 58, __, 60."
k100-03-03,0,k3,3.7,3.7,,"Fill the missing number: 47, 48, __, 50."
k100-03-04,0,k3,3.7,3.7,,"Fill the missing number: 88, 89, __, 91."
k100-03-05,0,k3,3.7,3.7,,"Fill the missing number: 36, 37, __, 39."
k100-03-07,0,k3,3.7,3.7,,"Fill the missing number: 14, 15, __, 17."
fa-05-01,4,i2,7.7,3.7,,"Sort each product: does the result stay a proper fraction, or become improper (more than one whole)?"
fr-04-04,3,k3,6.7,3.7,,Two fractions can be fairly compared only when…
khm-01-02,0,i1,3.7,3.7,,"Count 6 buttons — one counter each, none skipped, none twice."
khm-01-02,0,i2,3.7,3.7,,"Count 6 buttons — one counter each, none skipped, none twice."
khm-01-04,0,k1,3.7,3.7,,"Counting beads in a circle, what must you remember?"
khm-01-05,0,i1,3.7,3.7,,Count 8 printed stars by marking — one counter stands for each tick.
khm-01-05,0,i2,3.7,3.7,,Count 8 printed stars by marking — one counter stands for each tick.
khm-03-06,0,k2,3.7,3.7,,Look at the ten-frame flash and choose the matching numeral.
khm-03-06,0,ch1,3.7,3.7,,Look at the ten-frame flash and choose the matching numeral.
kmd-01-02,0,i1,3.7,3.7,,"Measure the scarf. Align zero with its start, then place 5 one-unit blocks with no gaps or overlaps."
kmd-01-02,0,i2,3.7,3.7,,"Measure the scarf. Align zero with its start, then place 5 one-unit blocks with no gaps or overlaps."
kmd-02-01,0,i1,3.7,3.7,,"Measure the rope. Align zero with its start, then place 6 one-unit blocks with no gaps or overlaps."
kmd-02-01,0,i2,3.7,3.7,,"Measure the rope. Align zero with its start, then place 6 one-unit blocks with no gaps or overlaps."
kmd-02-02,0,i1,3.7,3.7,,The parcel sits on one pan. Slide blocks onto the other pan until the seesaw is level.
kmd-02-02,0,i2,3.7,3.7,,The parcel sits on one pan. Slide blocks onto the other pan until the seesaw is level.
kmd-02-03,0,i1,3.7,3.7,,"Measure the stick. Align zero with its start, then place 4 one-unit blocks with no gaps or overlaps."
kmd-02-03,0,i2,3.7,3.7,,"Measure the stick. Align zero with its start, then place 4 one-unit blocks with no gaps or overlaps."
kmd-03-01,0,i1,3.7,3.7,,Tap the group with the greatest number of shapes.
kmd-03-01,0,i2,3.7,3.7,,Tap the group with the greatest number of shapes.
kmd-03-01,0,k2,3.7,3.7,,"What makes a sort a SORT, instead of just piles?"
kmd-03-02,0,i1,3.7,3.7,,Tap the group with the greatest number of shapes.
kmd-03-02,0,k1,3.7,3.7,,"What makes a sort a SORT, instead of just piles?"
kmd-03-02,0,i2,3.7,3.7,,Tap the group with the greatest number of shapes.
kmd-03-02,0,k2,3.7,3.7,,Tap the group with the greatest number of shapes.
kmd-03-04,0,i1,3.7,3.7,,Tap the group with the greatest number of shapes.
kmd-03-04,0,k1,3.7,3.7,,Tap the group with the greatest number of shapes.
kmd-03-04,0,i2,3.7,3.7,,Tap the group with the greatest number of shapes.
md-04-03,3,k3,6.7,3.7,,Why does breaking a rectangle into two pieces keep the same total area?
mult-01-04,3,k1,6.7,3.7,,"A number line shows a rabbit making 4 hops of 5, starting at 0. Which multiplication matches the picture?"
mult-02-04,3,k1,6.7,3.7,,Which division belongs to the SAME family as 5 × 6 = 30?
mult-02-05,3,i2,6.7,3.7,,Sort each expression into the answer it equals.
mult-04-05,3,ch1,6.7,3.7,,"A florist has 4 bunches of 9 tulips. She estimates ""about 4 × 10 = 40."" Then she counts exactly and sells 12 tulips. Exactly how many tulips remain?"
kcw-01-03,0,ch1,3.7,3.7,,Look at the ten-frame flash and choose the matching numeral.
kcw-01-05,0,k2,3.7,3.7,,Look at the ten-frame flash and choose the matching numeral.
kcw-02-04,0,ch1,3.7,3.7,,Look at the ten-frame flash and choose the matching numeral.
kcw-03-03,0,i1,3.7,3.7,,Draw-and-count practice: show the 8 your pencil must produce.
kcw-03-03,0,k1,3.7,3.7,,"Asked to draw 5 circles, when should you stop drawing?"
kcw-03-03,0,i2,3.7,3.7,,Draw-and-count practice: show the 8 your pencil must produce.
kcw-03-03,0,ch1,3.7,3.7,,Look at the ten-frame flash and choose the matching numeral.
kcw-03-04,0,ch1,3.7,3.7,,Look at the ten-frame flash and choose the matching numeral.
pv1000-03-01,2,i2,5.7,3.7,,"What number is ""three hundred forty-seven""?"
ks-01-02,0,ch1,3.7,3.7,,"Three shapes: a big triangle pointing up, one pointing down, and a tiny one. Tap every triangle."
kgb-01-04,0,ch1,3.7,3.7,,What features decide the name of a flat shape?
kgb-02-02,0,k2,3.7,3.7,,What features decide the name of a flat shape?
kgb-02-03,0,ch1,3.7,3.7,,What features decide the name of a flat shape?
kgb-03-01,0,ch1,3.7,3.7,,What features decide the name of a flat shape?
kgb-03-02,0,i1,3.7,3.7,,"Measure the stick. Align zero with its start, then place 4 one-unit blocks with no gaps or overlaps."
kgb-03-02,0,i2,3.7,3.7,,"Measure the stick. Align zero with its start, then place 4 one-unit blocks with no gaps or overlaps."
ssg2-01-01,2,k1,5.7,3.7,,How many sides does an octagon have?
ssg2-01-01,2,k2,5.7,3.7,,How many sides does a heptagon have?
geo-01-01,3,k3,6.7,3.7,,Which of these is a DEFINING attribute — an actual entry rule for a shape?
dgr1-01-01,1,k1,4.6,3.6,,A class wants to collect data about favorite pets. Which is a good survey question?
dgr1-01-01,1,k3,4.6,3.6,,A class wants to collect data about favorite fruits. Which is a good survey question?
dgr1-01-02,1,k2,4.6,3.6,,A class wants to collect data about favorite sports. Which is a good survey question?
dg4-03-04,4,k2,7.6,3.6,,Drag the decimals into order from smallest to greatest.
dg4-03-04,4,k3,7.6,3.6,,Drag the decimals into order from smallest to greatest.
dg4-03-04,4,ch1,7.6,3.6,,Drag the decimals into order from smallest to greatest.
fa-01-02,4,i2,7.6,3.6,,Match each ×n/×n operation to its resulting fraction.
fa-03-01,4,i2,7.6,3.6,,"Sort each answer: is it a CORRECT sum, or does it fall into the denominator trap?"
la-03-03,4,k3,7.6,3.6,,Could a quadrilateral have EXACTLY three right angles (and a fourth angle that isn't 90°)?
la-04-01,4,ch1,7.6,3.6,,A stop sign is shaped like a regular octagon — 8 equal sides and 8 equal angles. Folding it straight down the middle through two opposite corners: do the halves match?
g4v-01-04,4,ch1,7.6,3.6,,"A route measures 5000 meters, and each kilometer is 1000 meters. Compute 5000 ÷ 1000."
g4v-02-01,4,k1,7.6,3.6,,"A jug measures 6 liters, and each liter is 1000 milliliters. Compute 6 × 1000."
g4v-02-01,4,ch1,7.6,3.6,,"A jug measures 3 liters, and each liter is 1000 milliliters. Compute 3 × 1000."
md-03-03,3,i2,6.6,3.6,,"Graph: apples 5, bananas 8, grapes 5, pears 2. Sort each statement."
mb-04-01,4,i2,7.6,3.6,,Match each division problem to its quotient and remainder.
g4p-03-04,4,k1,7.6,3.6,,"Extending a pattern, why is stating the RULE better than just writing the next number?"
g4p-03-04,4,ch1,7.6,3.6,,"Extending a pattern, why is stating the RULE better than just writing the next number?"
kgb-02-05,0,i1,3.6,3.6,,"Measure the box's edge. Align zero with its start, then place 4 one-unit blocks with no gaps or overlaps."
kgb-02-05,0,i2,3.6,3.6,,"Measure the box's edge. Align zero with its start, then place 4 one-unit blocks with no gaps or overlaps."
kgb-03-01,0,i1,3.6,3.6,,"Measure the drawn side. Align zero with its start, then place 4 one-unit blocks with no gaps or overlaps."
kgb-03-01,0,i2,3.6,3.6,,"Measure the drawn side. Align zero with its start, then place 4 one-unit blocks with no gaps or overlaps."
g3w-01-04,3,k1,6.6,3.6,,16 hikers split evenly into 8 groups. 16 ÷ 8 = ?
g3w-01-04,3,ch1,6.6,3.6,,9 hikers split evenly into 3 groups. 9 ÷ 3 = ?
g3w-02-03,3,ch1,6.6,3.6,,64 hikers split evenly into 8 groups. 64 ÷ 8 = ?
c120-03-01,1,k1,4.5,3.5,,What numeral is 6 tens and 2 ones?
c120-03-01,1,k3,4.5,3.5,,What numeral is 8 tens and 0 ones?
c120-03-02,1,k2,4.5,3.5,,What numeral is 1 ten and 6 ones?
dgr1-02-04,1,k2,4.5,3.5,,"Votes: Pizza 7, Tacos 5, Soup 2. Which got the FEWEST votes?"
g2p-01-01,2,k1,5.5,3.5,,The garden hose measures 33 cm and the watering can cord measures 24 cm. How much longer is the garden hose?
g2p-01-01,2,ch1,5.5,3.5,,The garden hose measures 54 cm and the watering can cord measures 28 cm. How much longer is the garden hose?
mmt-02-02,2,ch1,5.5,3.5,,A notebook is 11 inches long and a folder is 10 inches long. How many more inches long is the notebook?
smg1-02-01,1,i3,4.5,3.5,,A rectangle is split into halves. How many equal pieces are there?
smg1-02-02,1,k3,4.5,3.5,,A rectangle is cut into 4 pieces of different sizes. Are these fourths?
smg1-03-03,1,i2,4.5,3.5,,"The pen is 5 paperclips, the tape is 9 paperclips, and the key is 2 paperclips. Tap the LONGEST."
smg1-03-03,1,i3,4.5,3.5,,"The pen is 5 paperclips, the tape is 9 paperclips, and the key is 2 paperclips. Tap the SHORTEST."
g2g-01-03,2,i1,5.4,3.4,,"The record 6, 6, 7, 6, 8, 7 became this plot. Verify the transcription: count the x's above 6."
g2g-01-03,2,i2,5.4,3.4,,"The record 6, 6, 7, 6, 8, 7 became this plot. Verify the transcription: count the x's above 6."
g2g-02-01,2,ch1,5.4,3.4,,The picture graph shows 4 apples pictures for Thursday. Each picture equals 1 vote. How many votes on Thursday?
g2g-03-03,2,i1,5.4,3.4,,Votes for four trip spots — a category question. Build the fitting display.
g2g-03-03,2,i2,5.4,3.4,,Votes for four trip spots — a category question. Build the fitting display.
fa-03-02,4,i1,7.4,3.4,,Match each subtraction to its correct difference.
fr-01-01,3,k3,6.4,3.4,,Why do fractions DEMAND equal pieces?
la-04-02,4,k1,7.4,3.4,,A regular hexagon has 6 equal sides. How many lines of symmetry does it have?
mc-02-01,4,i1,7.4,3.4,,Match each rectangle's dimensions to its area.
g4v-01-01,4,k1,7.4,3.4,,The same rope is measured in meters and in centimeters. Which measurement has the LARGER number?
g4v-01-01,4,k3,7.4,3.4,,The same rope is measured in meters and in centimeters. Which measurement has the LARGER number?
g4v-02-04,4,k1,7.4,3.4,,A trail crew works 4 shifts of 45 minutes and finishes 13 minutes early. How many minutes?
g4v-02-04,4,ch1,7.4,3.4,,A trail crew works 5 shifts of 20 minutes and finishes 34 minutes early. How many minutes?
g4v-03-03,4,k1,7.4,3.4,,A trail crew works 8 shifts of 45 minutes and finishes 10 minutes early. How many minutes?
mult-01-01,3,i2,6.4,3.4,,Equal groups only! Tap every plate that has exactly 3 cookies.
mult-03-05,3,i1,6.4,3.4,,Split 8 × 7 into pieces you already own.
mult-05-02,3,k1,6.4,3.4,,Fold the multiplication table along its diagonal and the numbers match. Why?
mb-02-01,4,ch1,7.4,3.4,,A teacher arranges 24 kids into equal rows with nobody left out. How many DIFFERENT rectangular arrangements are possible (counting e.g. 3×8 and 8×3 as the same rectangle
pv2-03-03,4,k1,7.4,3.4,,"Using front-end estimation, what does 53,720 become?"
pv2-03-03,4,ch1,7.4,3.4,,"Two orders cost $38,600 and $24,900. Using front-end estimation (no exact adding), what's the quick estimated total?"
pv-01-01,3,i1,6.4,3.4,,"Show 234 with dots: stack 2 dots in the Hundreds column, 3 in Tens, and 4 in Ones (build each stack from the bottom)."
pv-01-02,3,k1,6.4,3.4,,Which is 608 exploded into worth-pieces?
pv-01-04,3,k2,6.4,3.4,,3 hundreds are traded down entirely into tens. How many tens?
kcm-02-01,0,k2,3.3,3.3,,Compare 4 and 4. Which statement is true?
kcm-03-02,0,k2,3.3,3.3,,Compare 2 and 2. Which statement is true?
kc-01-01,0,ch1,3.3,3.3,,These dots are scattered! How many?
khm-02-02,0,ch1,3.3,3.3,,Compare 4 and 4. Which statement is true?
khm-02-04,0,k2,3.3,3.3,,Compare 9 and 9. Which statement is true?
g1m-01-03,1,k2,4.3,3.3,,The ladder is 12 cubes long and the brush is 5 cubes long. How many cubes longer is the ladder?
g1m-02-01,1,ch1,4.3,3.3,,The ladder is 14 cubes long and the brush is 2 cubes long. How many cubes longer is the ladder?
g1m-03-02,1,k1,4.3,3.3,,"A stick measures 12 small cubes. Measured with units twice as long, will the count be more or fewer?"
g1m-03-02,1,ch1,4.3,3.3,,"A stick measures 8 small cubes. Measured with units twice as long, will the count be more or fewer?"
g1m-03-03,1,k1,4.3,3.3,,"A stick measures 12 small cubes. Measured with units twice as long, will the count be more or fewer?"
g1m-03-03,1,k2,4.3,3.3,,"A stick measures 11 small cubes. Measured with units twice as long, will the count be more or fewer?"
mult-02-03,3,i1,6.3,3.3,,"Turn 12 ÷ 4 into a multiplication, one step at a time."
mult-03-02,3,k4,6.3,3.3,,The minute hand starts at the 1 (5 minutes past) and moves to the 4 (20 minutes past). How many minutes passed?
g2b-02-01,2,i1,5.2,3.2,,Build what remains: 568 take away 234 leaves this number.
g2b-02-01,2,i2,5.2,3.2,,Build what remains: 568 take away 234 leaves this number.
g2b-03-03,2,i1,5.2,3.2,,"Build 435 standard, ready to explain each place aloud."
g2b-03-03,2,i2,5.2,3.2,,"Build 435 standard, ready to explain each place aloud."
kc-01-03,0,ch1,3.2,3.2,,Start at 6. Hop forward until you land exactly on 10.
kc-03-02,0,ch1,3.2,3.2,,Start at 13. Hop forward until you land exactly on 20.
g2g-01-03,2,ch1,5.2,3.2,,The tallest stack shows 8 x's above the number 3 inches. How many measurements sit in that stack?
g2g-01-04,2,k3,5.2,3.2,,The tallest stack shows 6 x's above the number 4 inches. How many measurements sit in that stack?
g2g-01-05,2,k2,5.2,3.2,,The tallest stack shows 7 x's above the number 4 inches. How many measurements sit in that stack?
g2g-01-05,2,ch1,5.2,3.2,,The tallest stack shows 5 x's above the number 3 inches. How many measurements sit in that stack?
f20-03-03,2,k1,5.2,3.2,,"Fact family 6, 8, 14: knowing 6 + 8 = 14, what is 14 − 8?"
f20-03-03,2,k2,5.2,3.2,,"Fact family 5, 9, 14: knowing 5 + 9 = 14, what is 14 − 9?"
f20-03-03,2,k3,5.2,3.2,,"Fact family 7, 8, 15: knowing 7 + 8 = 15, what is 15 − 8?"
f20-03-03,2,ch1,5.2,3.2,,"Fact family 4, 8, 12: knowing 4 + 8 = 12, what is 12 − 8?"
fa-05-02,4,ch1,7.2,3.2,,"A hose is made of 8 sections, each 3/10 meter long. As a fully simplified mixed number, how many WHOLE meters long is the hose (before the leftover fraction)?"
khm-02-01,0,ch1,3.2,3.2,,A group shows 5 dots. Which numeral names that amount?
khm-03-04,0,k2,3.2,3.2,,A group shows 6 dots. Which numeral names that amount?
g2p-02-01,2,k3,5.2,3.2,,"To show a 34 cm piece joined to a 20 cm piece on a number line, what is the drawing?"
g2p-02-03,2,i1,5.2,3.2,,Rebuild the whole: the known 40 m stretch is walked; hop the missing part's tens toward 75.
g2p-02-03,2,i2,5.2,3.2,,Rebuild the whole: the known 40 m stretch is walked; hop the missing part's tens toward 75.
g2p-03-02,2,k1,5.2,3.2,,"To show a 34 cm piece joined to a 20 cm piece on a number line, what is the drawing?"
la-02-01,4,k1,7.2,3.2,,"Two lines are the same distance apart everywhere and, when extended forever, never touch. What are they?"
la-02-01,4,k3,7.2,3.2,,"Two lines point in almost the same direction, but they're slowly getting closer together. Are they parallel?"
la-03-03,4,i2,7.2,3.2,,Match each quadrilateral to how many right angles it has.
la-04-02,4,i1,7.2,3.2,,Match each regular shape to its number of symmetry lines.
mc-01-02,4,i1,7.2,3.2,,Match each length to its equivalent in a different unit.
mc-04-01,4,i2,7.2,3.2,,Match each pair of adjacent angles to their combined total.
g1m-02-01,1,i1,4.2,3.2,,"Measure the ribbon. Align zero with its start, choose one-unit blocks, and place four with no gaps or overlaps."
g1m-02-01,1,i2,4.2,3.2,,"Measure the ribbon. Align zero with its start, choose one-unit blocks, and place four with no gaps or overlaps."
g1m-02-02,1,i1,4.2,3.2,,"Measure this rope with one-unit blocks — six of them, touching end to end."
g1m-02-02,1,i2,4.2,3.2,,"Measure this rope with one-unit blocks — six of them, touching end to end."
mmt-03-01,2,ch1,5.2,3.2,,"How many cents is 2 quarters, 1 nickel, and 4 pennies?"
mmt-03-02,2,k3,5.2,3.2,,"How many cents is 1 quarter, 3 dimes, and 1 penny?"
mult-04-03,3,i2,6.2,3.2,,"A pile of t stickers, shared equally among 4 friends, gives 5 stickers each. Build the equation."
mult-05-01,3,k1,6.2,3.2,,Fold the addition table along its doubles diagonal and the numbers match up perfectly. Why?
mb-04-02,4,i2,7.2,3.2,,"Match each division to its quotient (and remainder, if any)."
kcw-01-01,0,k2,3.2,3.2,,A group shows 1 dots. Which numeral names that amount?
kcw-01-02,0,k2,3.2,3.2,,A group shows 6 dots. Which numeral names that amount?
kcw-01-03,0,k2,3.2,3.2,,A group shows 7 dots. Which numeral names that amount?
kcw-01-04,0,ch1,3.2,3.2,,A group shows 8 dots. Which numeral names that amount?
kcw-01-05,0,k1,3.2,3.2,,A group shows 3 dots. Which numeral names that amount?
kcw-01-05,0,ch1,3.2,3.2,,A group shows 7 dots. Which numeral names that amount?
kcw-02-01,0,k2,3.2,3.2,,A group shows 8 dots. Which numeral names that amount?
kcw-02-02,0,k3,3.2,3.2,,A group shows 19 dots. Which numeral names that amount?
kcw-02-03,0,k3,3.2,3.2,,A group shows 12 dots. Which numeral names that amount?
kcw-02-04,0,k1,3.2,3.2,,A group shows 13 dots. Which numeral names that amount?
kcw-03-01,0,k1,3.2,3.2,,A group shows 13 dots. Which numeral names that amount?
kcw-03-01,0,ch1,3.2,3.2,,A group shows 12 dots. Which numeral names that amount?
kcw-03-02,0,k2,3.2,3.2,,A group shows 9 dots. Which numeral names that amount?
kcw-03-04,0,k2,3.2,3.2,,A group shows 6 dots. Which numeral names that amount?
pv2-03-02,4,ch1,7.2,3.2,,"Two games had attendances of 24,600 and 36,800. What is the ACTUAL total attendance, rounded to the nearest thousand?"
smg1-02-02,1,i1,4.2,3.2,,"If you split a whole into fourths, how many equal parts do you get?"
smg1-02-02,1,ch1,4.2,3.2,,"If you split a whole into fourths, how many equal parts do you get?"
ssg2-01-02,2,k1,5.2,3.2,,How many edges does a square pyramid have?
ssg2-01-02,2,k2,5.2,3.2,,How many faces does a square pyramid have?
ssg2-01-02,2,ch1,5.2,3.2,,How many edges does a square pyramid have?
knb-01-01,0,ch1,3.2,3.2,,A group shows 12 dots. Which numeral names that amount?
knb-01-02,0,ch1,3.2,3.2,,A group shows 14 dots. Which numeral names that amount?
knb-01-03,0,k2,3.2,3.2,,A group shows 16 dots. Which numeral names that amount?
knb-01-04,0,k1,3.2,3.2,,A group shows 12 dots. Which numeral names that amount?
knb-02-01,0,k2,3.2,3.2,,A group shows 14 dots. Which numeral names that amount?
knb-02-02,0,k2,3.2,3.2,,A group shows 19 dots. Which numeral names that amount?
knb-03-01,0,k2,3.2,3.2,,A group shows 13 dots. Which numeral names that amount?
knb-03-03,0,k2,3.2,3.2,,A group shows 16 dots. Which numeral names that amount?
koa-02-05,0,k1,3.1,3.1,,10 balloons float away one at a time until 4 have gone. How many balloons are left?
koa-02-05,0,k2,3.1,3.1,,8 balloons float away one at a time until 5 have gone. How many balloons are left?
koa-02-05,0,k3,3.1,3.1,,9 balloons float away one at a time until 3 have gone. How many balloons are left?
koa-02-05,0,ch1,3.1,3.1,,7 balloons float away one at a time until 2 have gone. How many balloons are left?
koa-03-09,0,i2,3.1,3.1,,Show 7 counters on the frame. Then take away zero — leave it exactly as it is.
g2g-03-03,2,ch1,5.1,3.1,,Monday has 5 votes and Tuesday has 9 votes. How many more votes on Tuesday?
khm-01-04,0,i1,3.1,3.1,,"Count 7 beads from a circle — one counter per bead, stopping at the start."
khm-01-04,0,i2,3.1,3.1,,"Count 7 beads from a circle — one counter per bead, stopping at the start."
khm-02-03,0,k1,3.1,3.1,,Counting the same 5 toys from the left or from the right — what happens?
mmt-05-03,2,k2,5.1,3.1,,Monday has 5 votes and Tuesday has 9 votes. How many more votes on Tuesday?
mmt-05-03,2,ch1,5.1,3.1,,Monday has 10 votes and Tuesday has 11 votes. How many more votes on Tuesday?
md-01-01,3,i2,6.1,3.1,,"Slide the minute hand from the 12 around to the 6, counting fives as you pass each number."
md-04-03,3,i2,6.1,3.1,,"To find the area of a 5-by-9 rectangle, sort each break-apart plan: does it give the right total?"
mult-04-05,3,k4,6.1,3.1,,A florist has 3 bunches of 8 tulips. She counts exactly and sells 5 tulips. Exactly how many tulips remain?
pv-02-04,3,i2,6.1,3.1,,"Sort each offered answer: does it pass the ≈600 size check, or does the estimate bust it?"
kgb-03-03,0,k2,3.1,3.1,,Match each group of pieces to the whole shape those pieces can build.
kgb-03-04,0,k1,3.1,3.1,,Match each group of pieces to the whole shape those pieces can build.
kc-01-02,0,k3,3.0,3.0,,The frame is completely full. How many dots? Pick the number.
g3f-03-01,3,i1,6.0,3.0,,Build a fraction that equals exactly one whole using sixths.
g3f-03-01,3,i2,6.0,3.0,,Build a fraction that equals exactly one whole using sixths.
g1m-01-03,1,i1,4.0,3.0,,Use this string as the go-between: compare it fairly with the pole.
g1m-01-03,1,i2,4.0,3.0,,Use this string as the go-between: compare it fairly with the pole.
mult-04-01,3,i1,6.0,3.0,,Sort each story by the operation that counts its total.
mult-05-03,3,k3,6.0,3.0,,"The 7s row alternates odd, even, odd, even… What is 7 × 4?"
g4s-01-03,4,k3,7.0,3.0,,"""Ben has 4 more than Ana"" and ""Ben has 4 times as many as Ana"" — what is the difference?"
pv2-03-03,4,i2,7.0,3.0,,"Sort each number: does front-end estimation AGREE with true rounding (to the same place), or DISAGREE?"
pv-04-02,3,ch1,6.0,3.0,,A truck carries 9 crates with 60 oranges in each. A market orders 500 oranges. How many oranges BEYOND the order does the truck carry?
fr-04-04,3,i2,5.9,2.9,verdict,Match each matchup to its correct verdict — all three chapter rules are in play.
dg4-03-02,4,k1,3.5,-0.5,the relation,Compare the two decimals: 0.5 ? 0.35. Choose the relation that holds.
dg4-03-02,4,k2,3.5,-0.5,the relation,Compare the two decimals: 0.42 ? 0.6. Choose the relation that holds.
dg4-03-02,4,k3,3.5,-0.5,the relation,Compare the two decimals: 0.71 ? 0.75. Choose the relation that holds.
dg4-03-02,4,ch1,3.5,-0.5,the relation,Compare the two decimals: 0.8 ? 0.29. Choose the relation that holds.
dg4-03-03,4,k1,3.5,-0.5,the relation,Compare the two decimals: 0.60 ? 0.6. Choose the relation that holds.
dg4-03-03,4,k2,3.5,-0.5,the relation,Compare the two decimals: 0.3 ? 0.30. Choose the relation that holds.
dg4-03-03,4,k3,3.5,-0.5,the relation,Compare the two decimals: 0.90 ? 0.9. Choose the relation that holds.
dg4-03-03,4,ch1,3.5,-0.5,the relation,Compare the two decimals: 0.7 ? 0.07. Choose the relation that holds.
dg4-03-04,4,k1,3.5,-0.5,the relation,Compare the two decimals: 0.09 ? 0.4. Choose the relation that holds.
g1p-03-04,1,i1,0.5,-0.5,the claim,Explain-by-checking: the claim is that 3 + 9 equals 9 + 3. Start at 9 and count on 3. Where do you land?
g1p-03-04,1,i2,0.5,-0.5,the claim,Explain-by-checking: the claim is that 3 + 9 equals 9 + 3. Start at 9 and count on 3. Where do you land?
fr-04-02,3,k2,1.5,-1.5,the repair,Priya says 3/10 is bigger than 3/4 'because 10 is bigger than 4.' What's the repair?
g1e-03-02,1,i1,-0.9,-1.9,the claim,Check the claim x = 7 for x + 4 = 11: start at 7 and count on 4. Where do you land?
g1e-03-02,1,i2,-0.9,-1.9,the claim,Check the claim x = 7 for x + 4 = 11: start at 7 and count on 4. Where do you land?
fr-03-01,3,k3,0.7,-2.3,the repair,Rio says 2/4 is MORE than 1/2 'because two pieces beat one piece.' What's the repair?
g1e-01-02,1,i1,-1.4,-2.4,the claim,Test the claim 8 + 3 = 11: start at 8 and count on 3. Where do you land?
g1e-01-02,1,i2,-1.4,-2.4,the claim,Test the claim 8 + 3 = 11: start at 8 and count on 3. Where do you land?
fr-03-02,3,i2,0.5,-2.5,The case for,The case for the loyal amount.
