bucket,lesson_id,json_path,source,action,text
RENDERER_GAP,as-04-02,"steps[3].body",content/courses/add-subtract-20/lessons/as-04-02.json,DISPLAY_MATH,"= does NOT mean 'the answer is next'. It means both sides are the **same amount**."
RENDERER_GAP,cr-02-03,"steps[0].body",content/courses/circle-theorems/lessons/cr-02-03.json,DISPLAY_MATH,"Put the right-triangle engine to comparative work: **congruent chords sit at equal distances from the center, and equal-distance chords are congruent.** The equation (chord/2)² + d² = r² makes it plain — fix r, and chord length determines distance exactly, both ways."
RENDERER_GAP,cr-02-03,"steps[2].body",content/courses/circle-theorems/lessons/cr-02-03.json,DISPLAY_MATH,"Unequal chords trade off: from (chord/2)² + d² = r², a LONGER chord forces a SMALLER distance — **the closer the chord, the longer it runs**, peaking at the diameter (distance zero). Ranking chords by length is ranking their distances in reverse."
RENDERER_GAP,cr-03-02,"steps[0].body",content/courses/circle-theorems/lessons/cr-03-02.json,DISPLAY_MATH,"From any external point, exactly TWO tangent lines reach the circle — and their tangent segments are **congruent**: PT₁ = PT₂. Proof in one breath: triangles OT₁P and OT₂P share hypotenuse OP and have equal legs (radii), so HL congruence — then CPCTC hands over the tangent segments."
RENDERER_GAP,cr-04-03,"steps[5].widget.approxFormula.op",content/courses/circle-theorems/lessons/cr-04-03.json,INLINE_MATH,"sqrt"
RENDERER_GAP,cr-04-03,"steps[8].widget.approxFormula.left.right.op",content/courses/circle-theorems/lessons/cr-04-03.json,INLINE_MATH,"sqrt"
RENDERER_GAP,cn-02-01,"steps[2].figure",content/courses/complex-numbers/lessons/cn-02-01.json,INLINE_MATH,"cn-sqrt-neg"
RENDERER_GAP,cn-02-02,"steps[0].body",content/courses/complex-numbers/lessons/cn-02-02.json,DISPLAY_MATH,"Keep multiplying by i and a pattern locks in: i¹ = i, i² = −1, i³ = i²·i = **−i**, i⁴ = i²·i² = (−1)(−1) = **1** — and then it repeats. Every power of i is one of just four values, cycling like a quarter turn."
RENDERER_GAP,cn-05-03,"steps[0].body",content/courses/complex-numbers/lessons/cn-05-03.json,DISPLAY_MATH,"Four solving methods, one decision: bare x² = k or a ready-made square → **square roots**; friendly integer factors → **factoring**; even middle term, stubborn factors → **completing the square**; anything at all → the **formula**. The discriminant predicts the root type before you commit."
RENDERER_GAP,cpr-01-02,"steps[2].explanationVariants[0]",content/courses/conditional-probability/lessons/cpr-01-02.json,DISPLAY_MATH,"""At least one head"" fails only when **every** coin is a tail. So its complement is ""no heads at all"" = TTT."
RENDERER_GAP,co-03-01,"steps[0].body",content/courses/conic-sections/lessons/co-03-01.json,DISPLAY_MATH,"A **hyperbola** flips the ellipse's rule: instead of a constant SUM of focal distances, it's a constant **difference**. Every point satisfies |r₁ − r₂| = 2a. This splits the curve into **two separate branches**, one hugging each focus."
RENDERER_GAP,co-03-02,"steps[0].body",content/courses/conic-sections/lessons/co-03-02.json,DISPLAY_MATH,"Far from center, each branch races toward a straight-line **asymptote**. For x²/a² − y²/b² = 1 the asymptotes are  y = ±(b/a)x.  Draw the a-by-b **guiding box** (±a wide, ±b tall); its diagonals ARE the asymptotes. The branches open through the box's sides and hug those diagonals forever."
RENDERER_GAP,cx-01-01,"steps[3].body",content/courses/coordinate-proofs/lessons/cx-01-01.json,DISPLAY_MATH,"In general: **d = √((x₂ − x₁)² + (y₂ − y₁)²)**. The squares erase every sign worry — measuring from B to A negates both differences, but (−6)² = 6², so the distance comes out identical. Distance is unsigned, a pure length, exactly like the segment measures of your first geometry course."
RENDERER_GAP,cx-01-03,"steps[3].body",content/courses/coordinate-proofs/lessons/cx-01-03.json,DISPLAY_MATH,"Right triangles surrender to the same treatment: measure the three sides, then check the **converse of Pythagoras** — if a² + b² = c² for the longest side c, the angle opposite c is right. Distance gives sides; Pythagoras-in-reverse gives angles. No protractor touches the page."
RENDERER_GAP,cx-03-01,"steps[0].body",content/courses/coordinate-proofs/lessons/cx-03-01.json,DISPLAY_MATH,"Chapter 1 measured; Chapter 2 proved slopes. Now combine them into **coordinate proofs**: compute, then CONCLUDE by a definition or theorem. Triangle classification runs two audits — **sides** by the distance formula (scalene / isosceles / equilateral) and **angles** by slopes or the Pythagorean converse (right or not). Squared distances suffice: comparing d² avoids every root."
RENDERER_GAP,cx-04-03,"steps[0].body",content/courses/coordinate-proofs/lessons/cx-04-03.json,DISPLAY_MATH,"The box method industrialized: the **shoelace formula**. List the vertices counterclockwise, cross-multiply each pair like lacing a shoe — x₁y₂ − x₂y₁ for every edge, wrapping around — sum, halve, take absolute value. Area = ½|Σ(xᵢyᵢ₊₁ − xᵢ₊₁yᵢ)|. One sweep, any polygon."
RENDERER_GAP,ca-01-01,"steps[4].body",content/courses/curve-analysis/lessons/ca-01-01.json,DISPLAY_MATH,"So the procedure has two halves, and the second is the hard one:  **Find** the critical points: solve f′ = 0, and find where f′ is undefined. **Classify** them: peak, valley, or neither.  Finding is algebra. Classifying is calculus — and it is where the rest of this chapter lives."
RENDERER_GAP,ca-02-01,"steps[0].body",content/courses/curve-analysis/lessons/ca-02-01.json,DISPLAY_MATH,"f′ tells you whether the curve is rising. **f″ tells you which way it BENDS.**  **f″ > 0** — the slope is increasing. The curve bends upward: *concave up*, holding water. **f″ < 0** — the slope is decreasing. The curve bends downward: *concave down*, spilling it.  Note what this is not: a curve can be falling and concave up at the same time. Direction and bend are independent."
RENDERER_GAP,ca-02-03,"steps[3].body",content/courses/curve-analysis/lessons/ca-02-03.json,DISPLAY_MATH,"So sketching is a procedure, not an art:  **Zeros of f** — where it crosses the axis. **Sign chart of f′** — where it rises and falls; mark the extrema. **Sign chart of f″** — where it bends; mark the inflections. **Ends** — what happens as x → ±∞.  Join the dots consistently with all four, and there is only one curve that fits."
RENDERER_GAP,dd-04b-01,"remedials[0].concept.body",content/courses/data-distributions/lessons/dd-04b-01.json,DISPLAY_MATH,"Quick rewind. Left to right, a box plot reads: whisker start = **min**, box left edge = **Q1**, line in the box = **median**, box right edge = **Q3**, whisker end = **max**."
RENDERER_GAP,dop-04-03,"remedials[0].concept.body",content/courses/decimal-operations/lessons/dop-04-03.json,DISPLAY_MATH,"Quick rewind. **Decide add or subtract from the words, then line up the points.** 'How much change from $5.00 for a $2.25 toy?' — change means subtract: $5.00 − $2.25 = $2.75. Pad and borrow just like any subtraction."
RENDERER_GAP,dr-02-03,"steps[0].body",content/courses/derivative-rules/lessons/dr-02-03.json,DISPLAY_MATH,"f′ is a function. So differentiate it again.  **f″** is the derivative of the derivative — the rate at which the SLOPE is changing. If f is position and f′ is velocity, then f″ is acceleration.  A car can be moving forward (f′ > 0) while slowing down (f″ < 0). Direction and change-of-direction are different questions."
RENDERER_GAP,dr-03-02,"steps[4].body",content/courses/derivative-rules/lessons/dr-03-02.json,DISPLAY_MATH,"Two habits worth keeping.  **Simplify before you differentiate.** x³/x is just x². Reaching for the quotient rule there is legal but foolish.  **Never simplify the denominator away.** v² stays as it is — expanding it usually makes the answer harder to read and easier to get wrong."
RENDERER_GAP,dr-04-03,"steps[0].body",content/courses/derivative-rules/lessons/dr-04-03.json,DISPLAY_MATH,"An implicit derivative usually comes out in terms of **both x and y** — and that is not a failure. It is the honest answer.  On a circle, dy/dx = −x/y. The slope depends on WHERE you are on the curve, and a circle has two points above most x-values with opposite slopes. Only a formula mentioning y can tell them apart."
RENDERER_GAP,dr-05-01,"steps[0].body",content/courses/derivative-rules/lessons/dr-05-01.json,DISPLAY_MATH,"Differentiate 2ˣ from the definition and you get 2ˣ times a stubborn constant (about 0.693). Differentiate 3ˣ and you get 3ˣ times about 1.099.  Somewhere between 2 and 3 lies the base whose constant is exactly **1** — the base whose curve is its own derivative.  That number is **e ≈ 2.71828**, and (eˣ)′ = eˣ. That is what e is FOR."
RENDERER_GAP,dr-05-01,"remedials[0].concept.body",content/courses/derivative-rules/lessons/dr-05-01.json,DISPLAY_MATH,"Two facts, and everything else is the chain rule attached to them. **eˣ differentiates to itself.** **ln x differentiates to 1/x.** When there is an inside, multiply by its derivative — and for a log, that inner derivative goes on top."
RENDERER_GAP,dr-05-02,"steps[0].body",content/courses/derivative-rules/lessons/dr-05-02.json,DISPLAY_MATH,"The sine wave's slope is the cosine wave. Not approximately — exactly.  **(sin x)′ = cos x** · **(cos x)′ = −sin x**  Differentiate four times and you are back where you started. The derivatives go round in a circle, which is precisely what you would expect of a function born on one."
RENDERER_GAP,dr-05-02,"remedials[0].concept.body",content/courses/derivative-rules/lessons/dr-05-02.json,DISPLAY_MATH,"Learn the pair, and the sign. **sin → cos** (no minus). **cos → −sin** (minus). Then differentiate four times and check that you return to where you began — if you do not, a sign has gone astray."
RENDERER_GAP,dc-02-01,"steps[0].body",content/courses/derivatives-in-context/lessons/dc-02-01.json,DISPLAY_MATH,"If two quantities are linked by an equation, then their **rates of change are linked too** — and the link is the chain rule, with **time as the hidden variable**.  Differentiate the equation with respect to **t**. Every variable is secretly a function of time, so every one of them picks up a dx/dt, exactly as implicit differentiation picked up a dy/dx.  It is the same move you already know, wearing a clock."
RENDERER_GAP,dc-02-02,"steps[0].body",content/courses/derivatives-in-context/lessons/dc-02-02.json,DISPLAY_MATH,"A 10-foot ladder leans against a wall. The foot is dragged away at 2 ft/s. How fast is the top sliding **down**?  The relation is Pythagoras: **x² + y² = 100**, where x is the distance from the wall and y the height on it.  Both x and y change with time. The 100 does not."
RENDERER_GAP,dc-03-01,"steps[4].body",content/courses/derivatives-in-context/lessons/dc-03-01.json,DISPLAY_MATH,"Which side is the tangent on?  **f″ > 0 (concave up)** → the curve bends AWAY from the tangent, upward. The tangent lies below, so the estimate **under**-shoots. **f″ < 0 (concave down)** → the tangent lies above, so the estimate **over**-shoots.  The second derivative does not just describe the bend — it tells you the DIRECTION of your error, before you make it."
RENDERER_GAP,dc-04-02,"steps[4].body",content/courses/derivatives-in-context/lessons/dc-04-02.json,DISPLAY_MATH,"For **∞ − ∞**, put it over a common denominator. For **1^∞**, take logarithms — the log turns an exponent into a product, and the product into a quotient.  In every case the move is the same: **manufacture a quotient**, check the form, then differentiate.  A narrow tool with a wide reach — and the reach is entirely in the rewriting."
RENDERER_GAP,dc-04-02,"steps[7].takeaways[1]",content/courses/derivatives-in-context/lessons/dc-04-02.json,INLINE_MATH,"0·∞ becomes a quotient by pushing one factor downstairs; 1^∞ yields to logarithms."
RENDERER_GAP,ep-02-01,"steps[0].body",content/courses/exponents-polynomials/lessons/ep-02-01.json,DISPLAY_MATH,"A polynomial is a sum of terms like 3x². Its **degree** is the highest exponent; the **leading coefficient** is the number on that highest-degree term. **Like terms** share the same variable and exponent — and only like terms can be combined."
RENDERER_GAP,ep-02-01,"steps[5].body",content/courses/exponents-polynomials/lessons/ep-02-01.json,DISPLAY_MATH,"**Like terms** match both the variable and its exponent: 3x² and 5x² are like (both x²), but 3x² and 3x are not. Combining like terms simply adds their coefficients — unlike terms just stay put."
RENDERER_GAP,ep-02-02,"steps[0].body",content/courses/exponents-polynomials/lessons/ep-02-02.json,DISPLAY_MATH,"To **add** polynomials, combine like terms: add the coefficients of matching terms and keep everything else. Line up x² with x², x with x, constants with constants — then add each column, signs included."
RENDERER_GAP,esn-01-02,"steps[1].widget.prompt",content/courses/exponents-scientific-notation/lessons/esn-01-02.json,DISPLAY_MATH,"10⁴ × 10³ = 10^____ (just the exponent)"
RENDERER_GAP,esn-01-02,"steps[3].widget.prompt",content/courses/exponents-scientific-notation/lessons/esn-01-02.json,DISPLAY_MATH,"10⁶ ÷ 10² = 10^____ (just the exponent)"
RENDERER_GAP,esn-01-02,"steps[4].widget.prompt",content/courses/exponents-scientific-notation/lessons/esn-01-02.json,DISPLAY_MATH,"10³ × 10⁻⁵ = 10^____ (just the exponent)"
RENDERER_GAP,esn-01-02,"steps[5].widget.prompt",content/courses/exponents-scientific-notation/lessons/esn-01-02.json,DISPLAY_MATH,"10⁻² ÷ 10³ = 10^____ (just the exponent)"
RENDERER_GAP,esn-01-02,"steps[6].widget.prompt",content/courses/exponents-scientific-notation/lessons/esn-01-02.json,DISPLAY_MATH,"10³ ÷ 10⁻² = 10^____ (just the exponent)"
RENDERER_GAP,esn-01-02,"steps[7].widget.prompt",content/courses/exponents-scientific-notation/lessons/esn-01-02.json,DISPLAY_MATH,"10⁻³ × 10⁻⁴ = 10^____ (just the exponent)"
RENDERER_GAP,esn-01-02,"steps[8].widget.prompt",content/courses/exponents-scientific-notation/lessons/esn-01-02.json,DISPLAY_MATH,"10⁵ × 10⁻⁸ ÷ 10⁻² = 10^____ (just the exponent)"
RENDERER_GAP,esn-01-02,"remedials[0].check.widget.prompt",content/courses/exponents-scientific-notation/lessons/esn-01-02.json,DISPLAY_MATH,"10² × 10⁴ = 10^____ (just the exponent)"
RENDERER_GAP,esn-01b-01,"steps[0].body",content/courses/exponents-scientific-notation/lessons/esn-01b-01.json,DISPLAY_MATH,"Powers of ten were the warm-up. The rules work for **any** base, and the reason is just counting.  a³ means three a's multiplied; a² means two more. Push them together and you are multiplying five a's, so a³ · a² = a⁵. Nothing was memorised — the exponents added because the factors were counted."
RENDERER_GAP,esn-01b-01,"steps[4].body",content/courses/exponents-scientific-notation/lessons/esn-01b-01.json,DISPLAY_MATH,"Two rules, one idea: **multiply adds, divide subtracts** — and both only work when the base is the same.  2³ · 5² cannot be combined at all. There is no shared factor to count, so it stays as it is. The base is the thing being counted; if it differs, there is nothing to add up."
RENDERER_GAP,esn-01b-01,"remedials[0].concept.body",content/courses/exponents-scientific-notation/lessons/esn-01b-01.json,DISPLAY_MATH,"Rewind. a³ · a² means three a's times two more a's — five in all, so a⁵. Multiplying powers of the same base **adds** the exponents."
RENDERER_GAP,esn-01b-03,"steps[0].body",content/courses/exponents-scientific-notation/lessons/esn-01b-03.json,DISPLAY_MATH,"Walk down the powers of 2: 16, 8, 4, 2 — each step divides by 2. Keep going and 2¹ = 2 becomes **2⁰ = 1**.  That is not a convention someone invented; it is forced. Anything else would break the pattern, and it would break the quotient rule too: 2³ ÷ 2³ is obviously 1, and the rule says it is 2⁰."
RENDERER_GAP,fna-02-03,"steps[2].body",content/courses/function-analysis/lessons/fna-02-03.json,DISPLAY_MATH,"Range follows from extrema and end behavior: this parabola's outputs fill **(−∞, 9]** — everything up to and including the summit. The cubic x³ − 3x, despite its local peak and valley, has range **all reals**: its arms escape both upward and downward past every bound."
RENDERER_GAP,fna-05-01,"steps[5].widget.approxFormula.op",content/courses/function-analysis/lessons/fna-05-01.json,INLINE_MATH,"sqrt"
RENDERER_GAP,fna-05-02,"steps[3].widget.approxFormula.right.op",content/courses/function-analysis/lessons/fna-05-02.json,INLINE_MATH,"sqrt"
RENDERER_GAP,fna-05-02,"steps[6].widget.approxFormula.op",content/courses/function-analysis/lessons/fna-05-02.json,INLINE_MATH,"sqrt"
RENDERER_GAP,fna-05-03,"steps[0].body",content/courses/function-analysis/lessons/fna-05-03.json,DISPLAY_MATH,"How do you **prove** g really is f's inverse? Compose them: g must undo f and f must undo g —  **f(g(x)) = x and g(f(x)) = x**  for every x in the right domains. If either composition returns anything but plain x, they are not inverses."
RENDERER_GAP,ft-01-02,"steps[0].body",content/courses/function-transformations/lessons/ft-01-02.json,DISPLAY_MATH,"A function's **domain** is every input it accepts. The polynomial parents — x, x², x³ — accept **every real number**. Only two things break a function: a **square root of a negative**, and a **denominator hitting zero**. Domain-finding is hunting for those two dangers."
RENDERER_GAP,ft-01-02,"steps[2].figure",content/courses/function-transformations/lessons/ft-01-02.json,INLINE_MATH,"ft-domain-sqrt"
RENDERER_GAP,ft-03-02,"steps[0].body",content/courses/function-transformations/lessons/ft-03-02.json,DISPLAY_MATH,"Multiply a function by **a** and every output scales by a. If **|a| > 1** the graph stretches **taller and steeper**; if **0 < |a| < 1** it compresses **flatter and wider**. The multiplier changes the shape's steepness — the first transformation that isn't just a slide or flip."
RENDERER_GAP,fn-04-01,"steps[0].body",content/courses/functions-and-sequences/lessons/fn-04-01.json,DISPLAY_MATH,"An **arithmetic** sequence ADDS a constant (2, 5, 8, 11: + 3 each step). A **geometric** sequence MULTIPLIES by a constant (2, 6, 18, 54: × 3 each step). Check whether consecutive terms change by adding or by multiplying."
RENDERER_GAP,gf-04-03,"steps[0].body",content/courses/geometry-foundations/lessons/gf-04-03.json,DISPLAY_MATH,"The turning version: a figure has **rotational symmetry** when some rotation of LESS than a full turn maps it onto itself. Its **order** is how many matching positions fit in one full turn, and the smallest matching angle is **360° ÷ order**. (Every figure trivially matches after 360° — that one doesn't count.)"
RENDERER_GAP,gf-05-03,"steps[0].body",content/courses/geometry-foundations/lessons/gf-05-03.json,DISPLAY_MATH,"A congruence statement is a **cipher**. In ΔABC ≅ ΔDEF the letter ORDER carries the correspondence: A↔D, B↔E, C↔F — first with first, second with second, third with third. From it, matched parts read off by POSITION: AB ≅ DE, BC ≅ EF, ∠C ≅ ∠F. Never trust the picture; trust the order."
RENDERER_GAP,gf-05-03,"steps[6].body",content/courses/geometry-foundations/lessons/gf-05-03.json,DISPLAY_MATH,"Statements can be **rewritten** — but every rewrite must respect the same point pairing. If ΔABC ≅ ΔDEF, then listing the first triangle as ΔBCA forces the second into ΔEFD: each letter drags its partner to the same new position. Same fact, new outfit."
RENDERER_GAP,g7-02-01,"steps[2].body",content/courses/geometry-g7/lessons/g7-02-01.json,DISPLAY_MATH,"The number **π** (about 3.14) is the circle's built-in ratio: every circle's distance around is π times its diameter. Big or small, that ratio never changes — that's what makes π special."
RENDERER_GAP,g7-02-03,"steps[0].body",content/courses/geometry-g7/lessons/g7-02-03.json,DISPLAY_MATH,"A circle's **area** — the space inside — is **A = πr²**: square the radius, then multiply by π. Radius 3 gives A = π × 3² = **9π**. This is the very πr² that lives inside the cylinder volume formula."
RENDERER_GAP,in-01-03,"steps[4].body",content/courses/integration-accumulation/lessons/in-01-03.json,DISPLAY_MATH,"And the integral is **signed**. Where f dips below the axis, the heights are negative — so those strips contribute negative area.  ∫ₐᵇ f is not 'the area'. It is the area above the axis **minus** the area below it. If you want the geometric area, you must integrate |f|."
RENDERER_GAP,in-02-01,"steps[0].body",content/courses/integration-accumulation/lessons/in-02-01.json,DISPLAY_MATH,"So far the area has been one fixed number: from a to b.  Now let the far end **move**. Define  **A(x) = ∫ₐˣ f(t) dt** — the area so far, up to x.  A is a brand-new function, built out of f by sweeping. Feed it an x and it hands you back an area."
RENDERER_GAP,in-02-01,"steps[3].body",content/courses/integration-accumulation/lessons/in-02-01.json,DISPLAY_MATH,"The letter inside the integral does not matter.  ∫₀ˣ 2t dt and ∫₀ˣ 2u du are the same number. **t is a dummy variable** — it runs across the interval and disappears.  But x, the upper limit, is real. It survives, and it is what A depends on. Writing ∫₀ˣ 2x dx is a genuine error: the x cannot be both the sweeping variable and the endpoint."
RENDERER_GAP,in-03-01,"steps[4].body",content/courses/integration-accumulation/lessons/in-03-01.json,DISPLAY_MATH,"With the chain rule, the upper limit can be anything:  **d/dx[∫ₐ^(g(x)) f(t) dt] = f(g(x))·g′(x)**  The accumulation is being swept at a rate g′(x), so the area piles up that much faster. It is the gears again."
RENDERER_GAP,in-03-01,"steps[5].widget.prompt",content/courses/integration-accumulation/lessons/in-03-01.json,DISPLAY_MATH,"What is d/dx [ ∫₀^(x²) t³ dt ] ?"
RENDERER_GAP,in-03-01,"remedials[0].concept.body",content/courses/integration-accumulation/lessons/in-03-01.json,DISPLAY_MATH,"Push the endpoint forward by h and you gain a thin sliver of area — nearly a rectangle, width h and height f(x). So the area grows at the RATE f(x). That is all the theorem says: **A′ = f**."
RENDERER_GAP,in-04-03,"steps[5].widget.prompt",content/courses/integration-accumulation/lessons/in-04-03.json,DISPLAY_MATH,"∫₁^e (1/x) dx, where e ≈ 2.718."
RENDERER_GAP,in-05-01,"steps[6].widget.commonErrors[2].feedback",content/courses/integration-accumulation/lessons/in-05-01.json,DISPLAY_MATH,"That would be ∫₁^e du/u. Here u runs only from 1 to 2, and there is a ½ out front."
RENDERER_GAP,in-05-02,"steps[5].widget.prompt",content/courses/integration-accumulation/lessons/in-05-02.json,DISPLAY_MATH,"∫₀^(π/6) cos(3x) dx, as a decimal to three places."
RENDERER_GAP,in-05-03,"remedials[0].concept.body",content/courses/integration-accumulation/lessons/in-05-03.json,INLINE_MATH,"Write down the candidate u, then immediately write du. Now look at the integrand: **does it contain that du, up to a constant?** If yes, substitute. If a bare x is left over, stop — that substitution is the wrong one."
RENDERER_GAP,ia-01-02,"steps[0].body",content/courses/integration-applications/lessons/ia-01-02.json,DISPLAY_MATH,"Take the region under a curve and **spin it around the x-axis**. It sweeps out a solid.  Now take one thin strip of that region. What does IT sweep out? A **disc** — a coin of radius f(x) and thickness dx.  Its volume is **πr²·dx = π[f(x)]²·dx**. Add up the coins:  **V = π∫ₐᵇ [f(x)]² dx**  The integral has not changed. Only what you measure on the slice."
RENDERER_GAP,ia-01-02,"steps[4].body",content/courses/integration-applications/lessons/ia-01-02.json,DISPLAY_MATH,"Notice how little actually changed.  **Area** — slice, measure the HEIGHT, add: ∫f dx. **Volume** — slice, measure the DISC, add: ∫πf² dx.  Same slicing. Same summing. The only difference is what you measure on one slice. That single sentence is the whole of this course, and it is worth carrying into every problem you meet."
RENDERER_GAP,ia-01-03,"steps[4].body",content/courses/integration-applications/lessons/ia-01-03.json,DISPLAY_MATH,"So the whole course is one sentence, repeated:  **Slice the region. Measure ONE slice. Add them up.**  An area measures a slice's **height**. A disc measures **πr²**. A washer measures **π(R² − r²)**. The slicing never changes; the summing never changes. Only the measurement does — and that is the only thing you ever have to work out."
RENDERER_GAP,lc-01-03,"steps[2].body",content/courses/limits-continuity/lessons/lc-01-03.json,DISPLAY_MATH,"Two more ways limits fail: **unbounded** behavior (f shoots to +∞ or −∞ near a, as with 1/x² at 0) and wild **oscillation** that never settles. In each case there's no single finite value the function approaches, so the limit does not exist."
RENDERER_GAP,lc-02-03,"steps[2].widget.approxFormula.right.left.op",content/courses/limits-continuity/lessons/lc-02-03.json,INLINE_MATH,"sqrt"
RENDERER_GAP,lc-02-03,"steps[4].widget.approxFormula.right.left.op",content/courses/limits-continuity/lessons/lc-02-03.json,INLINE_MATH,"sqrt"
RENDERER_GAP,lc-02-03,"steps[6].widget.approxFormula.right.left.op",content/courses/limits-continuity/lessons/lc-02-03.json,INLINE_MATH,"sqrt"
RENDERER_GAP,lc-03-01,"steps[0].body",content/courses/limits-continuity/lessons/lc-03-01.json,DISPLAY_MATH,"Sometimes a function behaves differently on each side of a. A **one-sided limit** looks at just one direction: lim(x→a⁻) approaches from the LEFT (smaller x), lim(x→a⁺) from the RIGHT. The two-sided limit exists **only if both one-sided limits agree**."
RENDERER_GAP,lc-03-03,"steps[0].body",content/courses/limits-continuity/lessons/lc-03-03.json,DISPLAY_MATH,"When the numerator's degree is **larger**, the fraction grows without bound: lim(x→∞) = +∞ or −∞, and there's **no horizontal asymptote**. The top overwhelms the bottom. Intuitively, the fastest-growing term wins the tug-of-war as x races off."
RENDERER_GAP,lc-03-03,"steps[4].body",content/courses/limits-continuity/lessons/lc-03-03.json,DISPLAY_MATH,"So the full menu, as x → ∞ for a rational function: a **horizontal asymptote** (degrees equal or top smaller) OR **unbounded growth** to ±∞ (top larger). The single tool — compare degrees, then leading coefficients — settles every case at both +∞ and −∞."
RENDERER_GAP,lc-04-02,"steps[0].body",content/courses/limits-continuity/lessons/lc-04-02.json,DISPLAY_MATH,"Discontinuities come in three flavors. A **removable** discontinuity is a single hole — the limit exists, but f(a) is missing or misplaced; you could 'fill it in.' A **jump** has the left and right limits disagree. An **infinite** discontinuity has the function blowing up to ±∞ (a vertical asymptote)."
RENDERER_GAP,lf-04-03,"steps[0].body",content/courses/linear-functions/lessons/lf-04-03.json,DISPLAY_MATH,"Slope decides how two lines relate. **Parallel** lines never meet — they have the **same slope**. **Perpendicular** lines cross at a right angle — their slopes are **negative reciprocals** (flip the fraction, change the sign), so **m₁·m₂ = −1**."
RENDERER_GAP,lg-02-03,"steps[0].body",content/courses/logarithms/lessons/lg-02-03.json,DISPLAY_MATH,"**Expanding** unpacks one log into a sum/difference of simple logs — outside-in: quotient first, then products, then powers. **Condensing** reverses it — coefficients become powers FIRST, then sums merge into products and differences into quotients. Two directions, opposite orders."
RENDERER_GAP,mc-04-01,"steps[0].body",content/courses/measure-convert/lessons/mc-04-01.json,DISPLAY_MATH,"Two angles sitting side by side, sharing a ray, **add together** to make one bigger angle. A 30° angle next to a 60° angle makes a combined angle of 30°+60°=**90°.** Angles combine exactly like any other measurement — just add."
RENDERER_GAP,mc-04-01,"steps[3].body",content/courses/measure-convert/lessons/mc-04-01.json,DISPLAY_MATH,"The combined angle can be **any size** — it doesn't have to land on a benchmark like 90° or 180°. A 25° angle next to a 35° angle simply makes 25°+35°=60°, nothing special required."
RENDERER_GAP,mc-04-01,"remedials[0].concept.body",content/courses/measure-convert/lessons/mc-04-01.json,DISPLAY_MATH,"Quick rewind. **Adjacent angles add together.** A 20° angle next to a 30° angle combines to 20°+30°=50°. No special benchmark required — just add the two measures."
RENDERER_GAP,md-01-02,"remedials[0].concept.body",content/courses/measurement-data/lessons/md-01-02.json,DISPLAY_MATH,"Quick rewind. Two direction words: **PAST looks back at the hour you left; TO looks ahead at the hour you're approaching.** 'Ten past 6' = 6:10, just after six. 'Ten to 6' = 5:50, almost six."
RENDERER_GAP,md-03-01,"steps[3].body",content/courses/measurement-data/lessons/md-03-01.json,DISPLAY_MATH,"Sometimes a row ends in **half a symbol** — and half a symbol is worth half the key. With '⭐ = 10 points,' a half-star is 5. Pictographs use halves so they don't need a whole symbol for every in-between number."
RENDERER_GAP,md-03-01,"remedials[0].concept.body",content/courses/measurement-data/lessons/md-03-01.json,DISPLAY_MATH,"Quick rewind. A pictograph symbol is like a **coin with a value stamped on it** — the key is the stamp. If 🍎 = 2, each apple is a 2-coin. To total a row, count the coins and multiply by the stamp."
RENDERER_GAP,mult-01-01,"steps[2].body",content/courses/multiplication-division/lessons/mult-01-01.json,DISPLAY_MATH,"Time to read the **×** sign."
RENDERER_GAP,mult-03-02,"steps[5].body",content/courses/multiplication-division/lessons/mult-03-02.json,DISPLAY_MATH,"×5 answers wear a **uniform** — check the last digit."
RENDERER_GAP,mb-01-03,"remedials[0].concept.body",content/courses/multiply-bigger/lessons/mb-01-03.json,DISPLAY_MATH,"Quick rewind. Picture Ben's bar. **'2 more'** = Ben's bar with a tiny 2-piece taped to the end. **'2 times'** = Ben's whole bar drawn again — twice the length. One tapes on a piece; the other photocopies the bar."
RENDERER_GAP,mb-05-01,"steps[0].body",content/courses/multiply-bigger/lessons/mb-05-01.json,DISPLAY_MATH,"A number pattern follows a rule that repeats. **Additive rules** add or subtract the same amount each time: 3, 7, 11, 15… (rule: +4). **Multiplicative rules** multiply or divide by the same amount each time: 2, 6, 18, 54… (rule: ×3). Spot which kind, and the whole pattern unlocks."
RENDERER_GAP,nls-02-02,"steps[4].body",content/courses/nonlinear-systems/lessons/nls-02-02.json,DISPLAY_MATH,"Two x's in hand — but a point needs its y. **Back-substitute into the LINE**, not the circle: the line hands each x exactly one y, while the circle would offer two (±) and make you choose. Always recover coordinates from the simpler equation. Then look closely at the two points you get — a famous trio of numbers is hiding in them."
RENDERER_GAP,ns-03-01,"steps[0].body",content/courses/number-system/lessons/ns-03-01.json,DISPLAY_MATH,"A **factor** of a number divides it evenly. 12's factors are 1, 2, 3, 4, 6, 12; 18's are 1, 2, 3, 6, 9, 18. The numbers on BOTH lists are the **common factors** (1, 2, 3, 6), and the biggest of those is the **greatest common factor**: GCF(12, 18) = **6**."
RENDERER_GAP,ns-03-02,"steps[0].body",content/courses/number-system/lessons/ns-03-02.json,DISPLAY_MATH,"A **multiple** is what you get by counting UP in steps of a number. Multiples of 4: 4, 8, 12, 16… Multiples of 6: 6, 12, 18… The first number that appears on BOTH lists is the **least common multiple**: LCM(4, 6) = **12**. Factors divide in; multiples count out — opposite directions."
RENDERER_GAP,pc-01-01,"steps[4].body",content/courses/parametric-polar-calculus/lessons/pc-01-01.json,DISPLAY_MATH,"And now the classic error, which is worth meeting once, deliberately.  The second derivative is **NOT** (d²y/dt²)/(d²x/dt²).  It is the derivative of the SLOPE, and the slope is itself a function of t. So differentiate it with respect to t, and then divide by dx/dt again:  **d²y/dx² = d/dt[dy/dx] ÷ (dx/dt)**"
RENDERER_GAP,pc-01-02,"steps[4].body",content/courses/parametric-polar-calculus/lessons/pc-01-02.json,DISPLAY_MATH,"The speed is the integrand.  √((dx/dt)² + (dy/dt)²) is exactly the **speed** of the point tracing the curve — the magnitude of its velocity vector.  So arc length is **∫ speed dt**, which is the total distance travelled. That is the same sentence as C5's ∫|v| dt, one dimension up."
RENDERER_GAP,pc-02-01,"steps[4].body",content/courses/parametric-polar-calculus/lessons/pc-02-01.json,DISPLAY_MATH,"So the sentence from C5 survives intact:  **Slice the region. Measure ONE slice. Add them up.**  Area between curves measured a **height**. A disc measured **πr²**. A washer measured **π(R² − r²)**. A polar wedge measures **½r²**.  The slicing never changed. The summing never changed. Only ever the measurement — and this time the slice is a triangle."
RENDERER_GAP,pv2-01-01,"steps[0].body",content/courses/place-value-million/lessons/pv2-01-01.json,DISPLAY_MATH,"Grade-3 taught you the first few rungs: ten ones make a ten; ten tens make a hundred; ten hundreds make a thousand. That ladder **keeps climbing.** Ten thousands make a ten-thousand; ten ten-thousands make a hundred-thousand; ten hundred-thousands make one **million**. Every rung is the same rule: ×10."
RENDERER_GAP,pv2-02-02,"steps[0].body",content/courses/place-value-million/lessons/pv2-02-02.json,DISPLAY_MATH,"Reading a big number aloud has one trick: read the digits **before** the comma as a plain number, say **'thousand,'** then read the last three digits as a plain number. For 425,301: 'four hundred twenty-five' + 'thousand' + 'three hundred one' = 'four hundred twenty-five thousand, three hundred one.'"
RENDERER_GAP,pp-01-02,"steps[0].body",content/courses/polar-parametric/lessons/pp-01-02.json,DISPLAY_MATH,"Every polar point makes a right triangle with the axes (recall SOH-CAH-TOA): the hypotenuse is r at angle θ. So the legs are  x = **r cos θ**,  y = **r sin θ**.  That's the entire polar-to-rectangular bridge — just the triangle's legs."
RENDERER_GAP,pp-03-02,"steps[3].body",content/courses/polar-parametric/lessons/pp-03-02.json,DISPLAY_MATH,"Multiplying z by itself n times **repeats** the rotate-and-scale — that's **De Moivre's Theorem**:  [r(cos θ + i sin θ)]ⁿ = rⁿ(cos nθ + i sin nθ).  Raise the modulus to the n; multiply the angle by n. Powers that would be brutal in rectangular form become one line."
RENDERER_GAP,pp-03-03,"steps[4].body",content/courses/polar-parametric/lessons/pp-03-03.json,DISPLAY_MATH,"The **roots of unity** are the nth roots of 1: modulus 1, arguments 2πk/n — n points evenly spaced on the unit circle, always including 1 itself. The fourth roots of 1 are 1, i, −1, −i: a square inscribed in the unit circle."
RENDERER_GAP,pq-02-02,"steps[0].body",content/courses/polygons-quadrilaterals/lessons/pq-02-02.json,DISPLAY_MATH,"The diagonal's congruent triangles keep paying: CPCTC also matches the parallelogram's **opposite angles** — they're congruent. ∠A = ∠C and ∠B = ∠D, in every parallelogram, at every size."
RENDERER_GAP,pq-04-03,"steps[5].body",content/courses/polygons-quadrilaterals/lessons/pq-04-03.json,DISPLAY_MATH,"Perpendicular diagonals hand kites (and rhombi — which are the kites that went parallelogram) a clean **area formula: Area = ½·d₁·d₂**. Why: the diagonals box the kite into a d₁-by-d₂ rectangle, and the kite fills exactly half of it."
RENDERER_GAP,pf-01-02,"steps[2].body",content/courses/polynomial-functions/lessons/pf-01-02.json,DISPLAY_MATH,"Test one value if unsure: for x⁴ with a huge positive x, the value is huge positive; with a huge negative x, the even power wipes out the sign — still huge positive. Both ends **up**. Put a minus in front (−x⁴) and both ends flip **down**."
RENDERER_GAP,pra-05-01,"steps[4].body",content/courses/polynomial-rational-analysis/lessons/pra-05-01.json,DISPLAY_MATH,"Why the bottom's zeros matter even though nothing is 'zero' there: crossing x = −1, the denominator flips sign, so the whole fraction can flip **without touching zero** — it jumps across the vertical asymptote instead. Skipping that cut merges intervals that have different signs."
RENDERER_GAP,re-03-01,"steps[3].conceptTag",content/courses/radical-functions/lessons/re-03-01.json,INLINE_MATH,"re-sqrt-fn"
RENDERER_GAP,re-03-01,"steps[3].variant.form",content/courses/radical-functions/lessons/re-03-01.json,INLINE_MATH,"re-sqrt-fn__mcq"
RENDERER_GAP,re-03-01,"steps[5].conceptTag",content/courses/radical-functions/lessons/re-03-01.json,INLINE_MATH,"re-sqrt-fn"
RENDERER_GAP,re-03-01,"steps[5].variant.form",content/courses/radical-functions/lessons/re-03-01.json,INLINE_MATH,"re-sqrt-fn__mcq"
RENDERER_GAP,re-03-01,"steps[6].conceptTag",content/courses/radical-functions/lessons/re-03-01.json,INLINE_MATH,"re-sqrt-fn"
RENDERER_GAP,re-03-01,"steps[6].variant.form",content/courses/radical-functions/lessons/re-03-01.json,INLINE_MATH,"re-sqrt-fn__mcq"
RENDERER_GAP,re-03-01,"steps[7].conceptTag",content/courses/radical-functions/lessons/re-03-01.json,INLINE_MATH,"re-sqrt-fn"
RENDERER_GAP,re-03-01,"steps[7].variant.form",content/courses/radical-functions/lessons/re-03-01.json,INLINE_MATH,"re-sqrt-fn__numeric"
RENDERER_GAP,re-03-01,"remedials[0].conceptTag",content/courses/radical-functions/lessons/re-03-01.json,INLINE_MATH,"re-sqrt-fn"
RENDERER_GAP,re-03-01,"remedials[0].check.conceptTag",content/courses/radical-functions/lessons/re-03-01.json,INLINE_MATH,"re-sqrt-fn"
RENDERER_GAP,re-03-02,"steps[0].figure",content/courses/radical-functions/lessons/re-03-02.json,INLINE_MATH,"sqrt-domain-graph"
RENDERER_GAP,re-05-03,"steps[3].widget.approxFormula.left.op",content/courses/radical-functions/lessons/re-05-03.json,INLINE_MATH,"sqrt"
RENDERER_GAP,rr-01-03,"steps[0].body",content/courses/ratios-rates/lessons/rr-01-03.json,DISPLAY_MATH,"Multiply **both** parts of a ratio by the same number and the relationship survives: 3 : 2 becomes 6 : 4 (×2) and 9 : 6 (×3) — the **same recipe, a bigger batch**. Ratios linked this way are **equivalent**. Dividing both parts by the same number works too; that's how 12 : 18 shrinks to 2 : 3."
RENDERER_GAP,rr-02-01,"steps[0].body",content/courses/ratios-rates/lessons/rr-02-01.json,DISPLAY_MATH,"A **ratio table** is a machine for equivalent ratios. Put one ratio in the first row — say 2 cups flour : 3 cups milk — and every other row is that row **multiplied by the same number**: ×2 gives 4 : 6, ×3 gives 6 : 9. Any row of the table names the same relationship."
RENDERER_GAP,rr-02-03,"steps[3].body",content/courses/ratios-rates/lessons/rr-02-03.json,DISPLAY_MATH,"Whatever the tool, the **check is the same**: shrink your answer pair to simplest form and it must match the original ratio. 8 : 20 shrinks (÷4) to 2 : 5 — the juice mix holds. An answer that won't shrink back was built by adding somewhere."
RENDERER_GAP,rr-05-02,"remedials[0].concept.body",content/courses/ratios-rates/lessons/rr-05-02.json,DISPLAY_MATH,"Quick rewind. **One link at a time.** Hours → seconds: first hours → minutes (× 60), then minutes → seconds (× 60). Finish one conversion before starting the next, and keep track of which unit you're in."
RENDERER_GAP,rt-01-01,"steps[0].body",content/courses/right-triangles-trig/lessons/rt-01-01.json,DISPLAY_MATH,"In every right triangle, the two legs and the hypotenuse are locked together by one equation: **a² + b² = c²**. The squares built on the legs, combined, exactly fill the square on the hypotenuse. You proved WHY in Similarity (the altitude's three similar triangles); now we put it to work."
RENDERER_GAP,rt-01-01,"steps[3].body",content/courses/right-triangles-trig/lessons/rt-01-01.json,DISPLAY_MATH,"Finding a **leg** flips the equation to subtraction: a² = c² − b². The hypotenuse-square is the TOTAL; a leg-square is what's left after removing the other leg-square. One habit prevents most errors: c is always the hypotenuse — the side across from the right angle, and always the longest."
RENDERER_GAP,rt-01-02,"steps[0].body",content/courses/right-triangles-trig/lessons/rt-01-02.json,DISPLAY_MATH,"The theorem runs in reverse. **Converse:** if a triangle's sides satisfy a² + b² = c² (c the longest), the angle opposite c is exactly 90° — the triangle is right. No protractor needed: three side lengths alone certify a right angle. Builders' “3-4-5 rope trick” for square corners is this converse at work."
RENDERER_GAP,rt-01-02,"steps[3].body",content/courses/right-triangles-trig/lessons/rt-01-02.json,DISPLAY_MATH,"When the equation does NOT balance, the imbalance tells you the triangle's type. Compare c² (longest side squared) against a² + b²: **c² = a² + b² → right. c² < a² + b² → acute** (the long side is too short to force 90°). **c² > a² + b² → obtuse** (the long side stretches the angle past 90°)."
RENDERER_GAP,rt-02-01,"steps[2].body",content/courses/right-triangles-trig/lessons/rt-02-01.json,DISPLAY_MATH,"Three side-pairs, three named ratios, all measured FROM the chosen acute angle θ: **sin θ = opposite/hypotenuse. cos θ = adjacent/hypotenuse. tan θ = opposite/adjacent.** The mnemonic **SOH-CAH-TOA** packs all three. “Opposite” is the leg across from θ; “adjacent” is the leg touching θ; the hypotenuse never changes roles."
RENDERER_GAP,rt-03-02,"steps[0].body",content/courses/right-triangles-trig/lessons/rt-03-02.json,DISPLAY_MATH,"Trig so far: angle in, ratio out. Inverse trig runs it backwards: **ratio in, angle out.** If sin θ = 0.28, then θ = sin⁻¹(0.28) ≈ 16.26°. The ⁻¹ isn't an exponent — it means “the angle whose sine is.” Each ratio has its own inverse: sin⁻¹, cos⁻¹, tan⁻¹."
RENDERER_GAP,rt-05-01,"steps[4].body",content/courses/right-triangles-trig/lessons/rt-05-01.json,DISPLAY_MATH,"And the cofunction pattern from Chapter 2, now in full: the two acute angles are complements, and each one's opposite is the other's adjacent. So **sin θ = cos(90° − θ)** and cos θ = sin(90° − θ). That's why the names pair up: cosine literally means “sine of the complement.”"
RENDERER_GAP,sr-03-01,"steps[3].body",content/courses/sequences-series/lessons/sr-03-01.json,DISPLAY_MATH,"The trick generalizes to any arithmetic series. n terms fold into pairs each worth (a₁ + aₙ), and there are n/2 of them: **Sₙ = n(a₁ + aₙ)/2**. Read it as an average, too: (a₁ + aₙ)/2 is the typical term, and there are n of them — which is why odd n works just as well."
RENDERER_GAP,sr-05-01,"steps[3].body",content/courses/sequences-series/lessons/sr-05-01.json,DISPLAY_MATH,"When does an infinite geometric series settle like this? Exactly when **|r| < 1** — the ratio must shrink each term toward zero. Then the partial sums converge to a finite value. If |r| ≥ 1, the terms never fade and the running total either explodes or bounces forever: it **diverges**."
RENDERER_GAP,sr-05-02,"steps[3].body",content/courses/sequences-series/lessons/sr-05-02.json,DISPLAY_MATH,"The workflow: read r as term₂/term₁, then **check |r| < 1 before firing the formula**. That check isn't decoration — on a divergent series the algebra still spits out a number, and the number is garbage. The formula's answer only means something when the series actually settles."
RENDERER_GAP,sc-01-02,"steps[4].body",content/courses/series-convergence/lessons/sc-01-02.json,DISPLAY_MATH,"The comparison must go the **right way**.  To prove **convergence**, sit under something convergent. To prove **divergence**, sit above something divergent.  A series smaller than a divergent one proves nothing at all — Σ1/n² is smaller than Σ1/n, and one converges while the other does not."
RENDERER_GAP,sy-04-01,"steps[6].body",content/courses/similarity/lessons/sy-04-01.json,DISPLAY_MATH,"This one configuration secretly proves the **Pythagorean theorem**. Writing the leg geometric-mean relationships and adding them recovers a² + b² = c². The altitude-on-hypotenuse picture isn't just a curiosity — it's one of the cleanest routes to the most famous theorem in geometry."
RENDERER_GAP,sy-05-03,"steps[0].body",content/courses/similarity/lessons/sy-05-03.json,DISPLAY_MATH,"Similar figures scale predictably: **perimeter scales by k** (the same ratio as the sides), but **area scales by k²**. Double every side and the perimeter doubles while the area quadruples. This gap between k and k² is behind everything from pizza pricing to why big animals aren't just scaled-up small ones."
RENDERER_GAP,sg-01-01,"steps[3].body",content/courses/solid-geometry/lessons/sg-01-01.json,DISPLAY_MATH,"The sphere is the aristocrat: **every** planar slice of a sphere is a circle. Through the center, the slice is as large as possible — the **great circle**, radius equal to the sphere's own. Slice at distance d from the center and the disk's radius obeys chapter-friendly Pythagoras: r²ₛₗᵢᶜₑ = R² − d²."
RENDERER_GAP,sg-01-01,"steps[7].widget.approxFormula.op",content/courses/solid-geometry/lessons/sg-01-01.json,INLINE_MATH,"sqrt"
RENDERER_GAP,sg-01-02,"steps[6].widget.approxFormula.op",content/courses/solid-geometry/lessons/sg-01-02.json,INLINE_MATH,"sqrt"
RENDERER_GAP,sg-02-01,"steps[6].widget.approxFormula.right.op",content/courses/solid-geometry/lessons/sg-02-01.json,INLINE_MATH,"sqrt"
RENDERER_GAP,sg-04-03,"steps[0].body",content/courses/solid-geometry/lessons/sg-04-03.json,DISPLAY_MATH,"Surface needs two new prices and one discipline. Prices: a sphere's surface is **4πr²** (so a hemisphere's curved dome is 2πr²), and a cylinder's curved wall is its unrolled rectangle: **2πrh**. Discipline: at a seam, the shared circle is INTERIOR — count it zero times. Surface bills only what's exposed."
RENDERER_GAP,alg1-04-02,"steps[3].body",content/courses/solving-equations/lessons/alg1-04-02.json,DISPLAY_MATH,"The trap is forgetting to flip. Adding or subtracting a negative number does **not** flip — only ×/÷ by a negative coefficient does. Check: is the number multiplying x negative?"
RENDERER_GAP,si-02-03,"steps[1].widget.approxFormula.right.right.op",content/courses/statistical-inference/lessons/si-02-03.json,INLINE_MATH,"sqrt"
RENDERER_GAP,si-02-03,"steps[3].widget.approxFormula.right.right.op",content/courses/statistical-inference/lessons/si-02-03.json,INLINE_MATH,"sqrt"
RENDERER_GAP,si-02-03,"steps[6].widget.approxFormula.right.right.op",content/courses/statistical-inference/lessons/si-02-03.json,INLINE_MATH,"sqrt"
RENDERER_GAP,si-03-01,"steps[0].body",content/courses/statistical-inference/lessons/si-03-01.json,DISPLAY_MATH,"You know the poll lands within about 2 SE of the truth, 95% of the time. Turn that around and the truth lies within about 2 SE of the poll.  That distance is the **margin of error**, and it turns a number into a band:  48% ± 3 → every value from 45% to 51% is plausible."
RENDERER_GAP,si-03-03,"steps[0].body",content/courses/statistical-inference/lessons/si-03-03.json,DISPLAY_MATH,"""A leads B, 48% to 45%."" With a margin of ±3, A's band runs 45–51 and B's runs 42–48. They overlap.  So a truth of 47% for both is perfectly consistent with this poll. The lead is **inside the wobble** — which is what commentators mean, when they are careful, by a statistical tie."
RENDERER_GAP,tm-01b-03,"steps[4].body",content/courses/transformations-measurement/lessons/tm-01b-03.json,DISPLAY_MATH,"A dilation is **not** rigid, and that is exactly its job: it produces a **similar** figure — same angles, all lengths multiplied by k.  That is the difference the whole chapter turns on. Translations, reflections and rotations give congruence; dilations give similarity. And an area does not scale by k, but by k² — doubling the lengths quadruples the space inside."
RENDERER_GAP,tm-03-03,"steps[5].widget.choices[2].feedback",content/courses/transformations-measurement/lessons/tm-03-03.json,INLINE_MATH,"A's angles are 80/40/60 and B's are 80/60/40 — TWO match (in fact all three), so similar."
RENDERER_GAP,tm-04-01,"steps[0].body",content/courses/transformations-measurement/lessons/tm-04-01.json,DISPLAY_MATH,"In a right triangle, name the two short sides (the **legs**) a and b, and the long side opposite the right angle (the **hypotenuse**) c. The **Pythagorean theorem** says a² + b² = c². Build a square on each side to see why."
RENDERER_GAP,tm-04-03,"steps[0].body",content/courses/transformations-measurement/lessons/tm-04-03.json,DISPLAY_MATH,"The theorem runs backward too — the **converse**: if a triangle's sides satisfy a² + b² = c² (with c the longest), then it's a RIGHT triangle. Test any triangle by checking whether the two smaller squares add to the biggest."
RENDERER_GAP,tm-05-01,"steps[0].body",content/courses/transformations-measurement/lessons/tm-05-01.json,DISPLAY_MATH,"A **cylinder** is a can: a circle stacked into a column. Its volume is the base circle's area times the height: **V = πr²h**. Because answers involve π, we leave them as a number times π (exact) unless asked to round."
RENDERER_GAP,tm-05-02,"steps[0].body",content/courses/transformations-measurement/lessons/tm-05-02.json,DISPLAY_MATH,"A **cone** with the same base and height as a cylinder holds exactly **one-third** as much. So its volume is **V = ⅓πr²h** — the cylinder formula times a third. Three cones fill one matching cylinder."
RENDERER_GAP,tf-01-01,"steps[0].body",content/courses/trig-functions/lessons/tf-01-01.json,DISPLAY_MATH,"Stand at an acute angle θ of a right triangle. The side across from you is the **opposite**; the side touching you (not the hypotenuse) is the **adjacent**; the longest side, across from the right angle, is the **hypotenuse**. Three ratios of these sides get names: **sin θ = opp/hyp, cos θ = adj/hyp, tan θ = opp/adj** — SOH-CAH-TOA."
RENDERER_GAP,tf-01-01,"steps[3].body",content/courses/trig-functions/lessons/tf-01-01.json,DISPLAY_MATH,"Move to the OTHER acute angle and the legs swap jobs: what was opposite becomes adjacent and vice versa — the hypotenuse never moves. That swap is why **sin θ = cos(90° − θ)**: one angle's opposite is its complement's adjacent."
RENDERER_GAP,tf-02-01,"steps[0].body",content/courses/trig-functions/lessons/tf-02-01.json,DISPLAY_MATH,"Degrees are a human invention — 360 slices because ancient astronomers liked the number. The circle offers its own unit: bend one RADIUS along the rim, and the angle it spans is **one radian**. Since the full rim is 2π radii long, a full turn holds 2π ≈ 6.28 radians."
RENDERER_GAP,tf-02-01,"steps[6].body",content/courses/trig-functions/lessons/tf-02-01.json,DISPLAY_MATH,"Converting hinges on one anchor: **180° = π radians**. Degrees to radians: multiply by π/180. Radians to degrees: multiply by 180/π. Keep the anchor in view and the factor's direction is never in doubt — the 180 sits opposite the π."
RENDERER_GAP,tf-02-02,"steps[0].body",content/courses/trig-functions/lessons/tf-02-02.json,DISPLAY_MATH,"The angles you'll meet constantly are clean fractions of the anchor: **30° = π/6, 45° = π/4, 60° = π/3, 90° = π/2**. The pattern: the denominator tells how many copies fit in 180°. Six 30s, four 45s, three 60s, two 90s — the smaller the angle, the BIGGER the denominator."
RENDERER_GAP,tf-03-01,"steps[0].body",content/courses/trig-functions/lessons/tf-03-01.json,DISPLAY_MATH,"Right triangles cap θ below 90° — the unit circle removes the cap. Draw a circle of radius 1 and rotate a point θ from the positive x-axis: **cos θ is the point's x-coordinate, sin θ is its y-coordinate.** For acute θ this reproduces the old ratios (hypotenuse 1) — but now EVERY angle, any size, any sign, has a sine and cosine."
RENDERER_GAP,tf-03-02,"steps[3].body",content/courses/trig-functions/lessons/tf-03-02.json,DISPLAY_MATH,"Three rules, one per outer quadrant — all measuring the gap to the nearest x-axis crossing. **Q2: 180 − θ. Q3: θ − 180. Q4: 360 − θ.** In radians the same shapes: π − θ, θ − π, 2π − θ. Locate the quadrant first; the rule follows."
RENDERER_GAP,tf-04-02,"steps[6].body",content/courses/trig-functions/lessons/tf-04-02.json,DISPLAY_MATH,"A negative a is the transformation you'd expect: a **reflection over the midline** (the vertical flip). y = −3 sin x starts at the midline heading DOWN instead of up. The amplitude stays |a| = 3 — amplitude is a distance, and distances don't carry signs."
RENDERER_GAP,tg-01-03,"steps[4].body",content/courses/trig-graphs-inverses/lessons/tg-01-03.json,DISPLAY_MATH,"A **negative A** flips the pattern: y = −A sin(…) starts at the midline heading **down** — the five points run start, trough, midline, peak, close. Same dots' x-positions, swapped heights. (Recall reflections: the minus mirrors across the midline.)"
RENDERER_GAP,tg-02-03,"steps[0].body",content/courses/trig-graphs-inverses/lessons/tg-02-03.json,DISPLAY_MATH,"A HALF-period slide flips a wave upside down: **sin(x + π) = −sin x** and **cos(x + π) = −cos x**. So reflection (the outside minus, recall) and a π-slide are the SAME motion for sinusoids — one graph can wear rules that look wildly different."
RENDERER_GAP,tg-03-02,"steps[3].body",content/courses/trig-graphs-inverses/lessons/tg-03-02.json,DISPLAY_MATH,"Pressed against a wall, tangent is one-sided: approaching π/2 **from the left**, cos shrinks through tiny POSITIVE values while sin ≈ 1, so tan → **+∞**; from the right, cos is tiny and NEGATIVE, so tan → **−∞**. Each branch exits its wall at opposite infinities."
RENDERER_GAP,tg-04-01,"steps[4].body",content/courses/trig-graphs-inverses/lessons/tg-04-01.json,DISPLAY_MATH,"Domain and range swap (recall): sin on the branch has domain [−π/2, π/2] and range [−1, 1], so **arcsin has domain [−1, 1] and range [−π/2, π/2]**. Inputs beyond ±1 are meaningless — no angle has sine 2."
RENDERER_GAP,tg-04-02,"steps[4].body",content/courses/trig-graphs-inverses/lessons/tg-04-02.json,DISPLAY_MATH,"Tangent's turn: one full climbing branch, **(−π/2, π/2)** — OPEN, because the walls are excluded values. **arctan** inverts it: domain ALL reals (each branch spans −∞ to +∞), range (−π/2, π/2), and the walls become **horizontal asymptotes** of arctan: y → ±π/2 as x → ±∞. (Recall: inverses swap domain and range — so vertical walls swap into horizontal ones.)"
RENDERER_GAP,tg-04-03,"steps[4].body",content/courses/trig-graphs-inverses/lessons/tg-04-03.json,DISPLAY_MATH,"Arctangent's mirror inherits tangent's landmarks: the branch's center (0, 0) stays put, its steepness flattens (steep sections mirror into flat ones), and the vertical walls x = ±π/2 mirror into the **horizontal fences y = ±π/2** that arctan approaches forever."
RENDERER_GAP,ti-02-01,"steps[0].body",content/courses/trig-identities-equations/lessons/ti-02-01.json,DISPLAY_MATH,"Every trig function is built from sine and cosine. The **quotient** identity (recall the ratio observation): tan θ = sin θ / cos θ. The three **reciprocals** name the flips: **sec θ = 1/cos θ**, **csc θ = 1/sin θ**, **cot θ = 1/tan θ = cos θ/sin θ**. Learn the pairings, not six separate objects."
RENDERER_GAP,ti-03-03,"steps[3].figure",content/courses/trig-identities-equations/lessons/ti-03-03.json,INLINE_MATH,"ti-sin-plus-pi"
RENDERER_GAP,tse-04-01,"steps[5].widget.options[0].label",content/courses/two-step-equations/lessons/tse-04-01.json,INLINE_MATH,"x >= 3"
RENDERER_GAP,tse-04-01,"steps[5].widget.options[0].feedback",content/courses/two-step-equations/lessons/tse-04-01.json,DISPLAY_MATH,"Yes — subtract 4 (2x>=6), divide by 2 (positive, no flip): x>=3."
RENDERER_GAP,tse-04-01,"steps[5].widget.options[1].label",content/courses/two-step-equations/lessons/tse-04-01.json,INLINE_MATH,"x <= 3"
RENDERER_GAP,tse-04-01,"steps[5].widget.options[1].feedback",content/courses/two-step-equations/lessons/tse-04-01.json,DISPLAY_MATH,"Dividing by a POSITIVE 2 never flips the direction: x>=3, not x<=3."
RENDERER_GAP,tse-04-01,"steps[5].widget.options[2].label",content/courses/two-step-equations/lessons/tse-04-01.json,INLINE_MATH,"x >= 6"
RENDERER_GAP,tse-04-01,"steps[5].widget.options[2].feedback",content/courses/two-step-equations/lessons/tse-04-01.json,DISPLAY_MATH,"That's only the first step (2x>=6). Finish by dividing by 2: x>=3."
RENDERER_GAP,tse-04-01,"steps[7].widget.prompt",content/courses/two-step-equations/lessons/tse-04-01.json,INLINE_MATH,"Solve: 5x - 3 <= 12"
RENDERER_GAP,tse-04-01,"steps[7].widget.options[0].label",content/courses/two-step-equations/lessons/tse-04-01.json,INLINE_MATH,"x <= 3"
RENDERER_GAP,tse-04-01,"steps[7].widget.options[0].feedback",content/courses/two-step-equations/lessons/tse-04-01.json,DISPLAY_MATH,"Yes — add 3 (5x<=15), divide by 5 (positive, no flip): x<=3."
RENDERER_GAP,tse-04-01,"steps[7].widget.options[1].label",content/courses/two-step-equations/lessons/tse-04-01.json,INLINE_MATH,"x >= 3"
RENDERER_GAP,tse-04-01,"steps[7].widget.options[1].feedback",content/courses/two-step-equations/lessons/tse-04-01.json,DISPLAY_MATH,"Dividing by a POSITIVE 5 never flips the direction: x<=3, not x>=3."
RENDERER_GAP,tse-04-01,"steps[7].widget.options[2].label",content/courses/two-step-equations/lessons/tse-04-01.json,INLINE_MATH,"x <= 15"
RENDERER_GAP,tse-04-01,"steps[7].widget.options[2].feedback",content/courses/two-step-equations/lessons/tse-04-01.json,DISPLAY_MATH,"That's only the first step (5x<=15). Finish by dividing by 5: x<=3."
RENDERER_GAP,tse-04-01,"steps[8].explanationVariants[0]",content/courses/two-step-equations/lessons/tse-04-01.json,DISPLAY_MATH,"Subtract 4 (6x>=12), divide by 6 (positive, no flip): x>=2."
RENDERER_GAP,tse-04-01,"steps[8].widget.tokens[1].label",content/courses/two-step-equations/lessons/tse-04-01.json,INLINE_MATH,">="
RENDERER_GAP,tse-04-01,"steps[8].widget.tokens[3].label",content/courses/two-step-equations/lessons/tse-04-01.json,INLINE_MATH,"<="
RENDERER_GAP,tse-04-01,"steps[8].widget.commonBuilds[0].feedback",content/courses/two-step-equations/lessons/tse-04-01.json,DISPLAY_MATH,"Dividing by a POSITIVE 6 never flips the direction: x>=2, not x<=2."
RENDERER_GAP,tse-04-01,"steps[8].widget.commonBuilds[1].feedback",content/courses/two-step-equations/lessons/tse-04-01.json,DISPLAY_MATH,"That's only the first step (6x>=12). Finish by dividing by 6: x>=2."
RENDERER_GAP,tse-04-01,"steps[8].widget.successFeedback",content/courses/two-step-equations/lessons/tse-04-01.json,DISPLAY_MATH,"Yes — subtract 4 (6x>=12), divide by 6 (positive, no flip): x>=2."
RENDERER_GAP,tse-04-02,"steps[8].explanationVariants[0]",content/courses/two-step-equations/lessons/tse-04-02.json,DISPLAY_MATH,"Add 4 (-6x>=-24), divide by -6 and FLIP: x<=4."
RENDERER_GAP,tse-04-02,"steps[8].widget.prompt",content/courses/two-step-equations/lessons/tse-04-02.json,INLINE_MATH,"Solve: -6x - 4 >= -28"
RENDERER_GAP,tse-04-02,"steps[8].widget.tokens[1].label",content/courses/two-step-equations/lessons/tse-04-02.json,INLINE_MATH,"<="
RENDERER_GAP,tse-04-02,"steps[8].widget.tokens[3].label",content/courses/two-step-equations/lessons/tse-04-02.json,INLINE_MATH,">="
RENDERER_GAP,tse-04-02,"steps[8].widget.commonBuilds[0].feedback",content/courses/two-step-equations/lessons/tse-04-02.json,DISPLAY_MATH,"Dividing by a NEGATIVE number flips the direction: x<=4, not x>=4."
RENDERER_GAP,tse-04-02,"steps[8].widget.commonBuilds[1].feedback",content/courses/two-step-equations/lessons/tse-04-02.json,DISPLAY_MATH,"That's only the first step (-6x>=-24). Finish by dividing by -6 (and flipping): x<=4."
RENDERER_GAP,tse-04-02,"steps[8].widget.successFeedback",content/courses/two-step-equations/lessons/tse-04-02.json,DISPLAY_MATH,"Yes — add 4 (-6x>=-24), divide by -6 and FLIP: x<=4."
RENDERER_GAP,tse-04-02,"steps[9].explanationVariants[0]",content/courses/two-step-equations/lessons/tse-04-02.json,DISPLAY_MATH,"Subtract 6 (-2x<=-18), divide by -2 and FLIP: x>=9."
RENDERER_GAP,tse-04-02,"steps[9].widget.tokens[1].label",content/courses/two-step-equations/lessons/tse-04-02.json,INLINE_MATH,">="
RENDERER_GAP,tse-04-02,"steps[9].widget.tokens[3].label",content/courses/two-step-equations/lessons/tse-04-02.json,INLINE_MATH,"<="
RENDERER_GAP,tse-04-02,"steps[9].widget.commonBuilds[0].feedback",content/courses/two-step-equations/lessons/tse-04-02.json,DISPLAY_MATH,"Dividing by a NEGATIVE number flips the direction: x>=9, not x<=9."
RENDERER_GAP,tse-04-02,"steps[9].widget.commonBuilds[1].feedback",content/courses/two-step-equations/lessons/tse-04-02.json,DISPLAY_MATH,"That's only the first step (-2x<=-18). Finish by dividing by -2 (and flipping): x>=9."
RENDERER_GAP,tse-04-02,"steps[9].widget.successFeedback",content/courses/two-step-equations/lessons/tse-04-02.json,DISPLAY_MATH,"Yes — subtract 6 (-2x<=-18), divide by -2 and FLIP: x>=9."
RENDERER_GAP,tse-04-02,"steps[10].explanationVariants[0]",content/courses/two-step-equations/lessons/tse-04-02.json,DISPLAY_MATH,"Add 8 (-7x<=-35), divide by -7 and FLIP: x>=5."
RENDERER_GAP,tse-04-02,"steps[10].widget.prompt",content/courses/two-step-equations/lessons/tse-04-02.json,INLINE_MATH,"Solve: -7x - 8 <= -43"
RENDERER_GAP,tse-04-02,"steps[10].widget.tokens[1].label",content/courses/two-step-equations/lessons/tse-04-02.json,INLINE_MATH,">="
RENDERER_GAP,tse-04-02,"steps[10].widget.tokens[3].label",content/courses/two-step-equations/lessons/tse-04-02.json,INLINE_MATH,"<="
RENDERER_GAP,tse-04-02,"steps[10].widget.commonBuilds[0].feedback",content/courses/two-step-equations/lessons/tse-04-02.json,DISPLAY_MATH,"Dividing by a NEGATIVE number flips the direction: x>=5, not x<=5."
RENDERER_GAP,tse-04-02,"steps[10].widget.commonBuilds[1].feedback",content/courses/two-step-equations/lessons/tse-04-02.json,DISPLAY_MATH,"That's only the first step (-7x<=-35). Finish by dividing by -7 (and flipping): x>=5."
RENDERER_GAP,tse-04-02,"steps[10].widget.successFeedback",content/courses/two-step-equations/lessons/tse-04-02.json,DISPLAY_MATH,"Yes — add 8 (-7x<=-35), divide by -7 and FLIP: x>=5."
RENDERER_GAP,tse-04-02,"steps[10].hints[0]",content/courses/two-step-equations/lessons/tse-04-02.json,INLINE_MATH,"Add 8 to both sides: -7x <= -35."
RENDERER_GAP,tse-04-02,"steps[10].hints[2]",content/courses/two-step-equations/lessons/tse-04-02.json,INLINE_MATH,"The result is x >= 5."
RENDERER_GAP,tse-04-03,"steps[1].widget.options[0].label",content/courses/two-step-equations/lessons/tse-04-03.json,INLINE_MATH,"x >= 6"
RENDERER_GAP,tse-04-03,"steps[1].widget.options[0].feedback",content/courses/two-step-equations/lessons/tse-04-03.json,DISPLAY_MATH,"Yes — subtract 20 (5x>=30), divide by 5 (positive, no flip): x>=6."
RENDERER_GAP,tse-04-03,"steps[1].widget.options[1].label",content/courses/two-step-equations/lessons/tse-04-03.json,INLINE_MATH,"x <= 6"
RENDERER_GAP,tse-04-03,"steps[1].widget.options[1].feedback",content/courses/two-step-equations/lessons/tse-04-03.json,DISPLAY_MATH,"Dividing by a POSITIVE 5 never flips the direction: x>=6, not x<=6."
RENDERER_GAP,tse-04-03,"steps[1].widget.options[2].label",content/courses/two-step-equations/lessons/tse-04-03.json,INLINE_MATH,"x >= 30"
RENDERER_GAP,tse-04-03,"steps[1].widget.options[2].feedback",content/courses/two-step-equations/lessons/tse-04-03.json,DISPLAY_MATH,"That's only the first step (5x>=30). Finish by dividing by 5: x>=6."
RENDERER_GAP,tse-04-03,"steps[4].widget.prompt",content/courses/two-step-equations/lessons/tse-04-03.json,INLINE_MATH,"Solve: 6x - 4 <= 20"
RENDERER_GAP,tse-04-03,"steps[4].widget.options[0].label",content/courses/two-step-equations/lessons/tse-04-03.json,INLINE_MATH,"x <= 4"
RENDERER_GAP,tse-04-03,"steps[4].widget.options[0].feedback",content/courses/two-step-equations/lessons/tse-04-03.json,DISPLAY_MATH,"Yes — add 4 (6x<=24), divide by 6 (positive, no flip): x<=4."
RENDERER_GAP,tse-04-03,"steps[4].widget.options[1].label",content/courses/two-step-equations/lessons/tse-04-03.json,INLINE_MATH,"x >= 4"
RENDERER_GAP,tse-04-03,"steps[4].widget.options[1].feedback",content/courses/two-step-equations/lessons/tse-04-03.json,DISPLAY_MATH,"Dividing by a POSITIVE 6 never flips the direction: x<=4, not x>=4."
RENDERER_GAP,tse-04-03,"steps[4].widget.options[2].label",content/courses/two-step-equations/lessons/tse-04-03.json,INLINE_MATH,"x <= 24"
RENDERER_GAP,tse-04-03,"steps[4].widget.options[2].feedback",content/courses/two-step-equations/lessons/tse-04-03.json,DISPLAY_MATH,"That's only the first step (6x<=24). Finish by dividing by 6: x<=4."
RENDERER_GAP,tse-04-03,"steps[7].explanationVariants[0]",content/courses/two-step-equations/lessons/tse-04-03.json,DISPLAY_MATH,"Subtract 8 (4x>=12), divide by 4 (positive, no flip): x>=3."
RENDERER_GAP,tse-04-03,"steps[7].widget.tokens[1].label",content/courses/two-step-equations/lessons/tse-04-03.json,INLINE_MATH,">="
RENDERER_GAP,tse-04-03,"steps[7].widget.tokens[3].label",content/courses/two-step-equations/lessons/tse-04-03.json,INLINE_MATH,"<="
RENDERER_GAP,tse-04-03,"steps[7].widget.commonBuilds[0].feedback",content/courses/two-step-equations/lessons/tse-04-03.json,DISPLAY_MATH,"Dividing by a POSITIVE 4 never flips the direction: x>=3, not x<=3."
RENDERER_GAP,tse-04-03,"steps[7].widget.commonBuilds[1].feedback",content/courses/two-step-equations/lessons/tse-04-03.json,DISPLAY_MATH,"That's only the first step (4x>=12). Finish by dividing by 4: x>=3."
RENDERER_GAP,tse-04-03,"steps[7].widget.successFeedback",content/courses/two-step-equations/lessons/tse-04-03.json,DISPLAY_MATH,"Yes — subtract 8 (4x>=12), divide by 4 (positive, no flip): x>=3."
RENDERER_GAP,tse-04-03,"steps[9].explanationVariants[0]",content/courses/two-step-equations/lessons/tse-04-03.json,DISPLAY_MATH,"Add 10 (-8x<=40), divide by -8 and FLIP: x>=-5."
RENDERER_GAP,tse-04-03,"steps[9].widget.prompt",content/courses/two-step-equations/lessons/tse-04-03.json,INLINE_MATH,"A shipping cost model gives -8x - 10 <= 30, where x is the number of extra packages. Solve for x."
RENDERER_GAP,tse-04-03,"steps[9].widget.tokens[1].label",content/courses/two-step-equations/lessons/tse-04-03.json,INLINE_MATH,">="
RENDERER_GAP,tse-04-03,"steps[9].widget.tokens[3].label",content/courses/two-step-equations/lessons/tse-04-03.json,INLINE_MATH,"<="
RENDERER_GAP,tse-04-03,"steps[9].widget.commonBuilds[0].feedback",content/courses/two-step-equations/lessons/tse-04-03.json,DISPLAY_MATH,"Dividing by a NEGATIVE number flips the direction: x>=-5, not x<=-5."
RENDERER_GAP,tse-04-03,"steps[9].widget.commonBuilds[1].feedback",content/courses/two-step-equations/lessons/tse-04-03.json,DISPLAY_MATH,"That's only the first step (-8x<=40). Finish by dividing by -8 (and flipping): x>=-5."
RENDERER_GAP,tse-04-03,"steps[9].widget.successFeedback",content/courses/two-step-equations/lessons/tse-04-03.json,DISPLAY_MATH,"Yes — add 10 (-8x<=40), divide by -8 and FLIP: x>=-5."
RENDERER_GAP,tse-04-03,"steps[9].hints[0]",content/courses/two-step-equations/lessons/tse-04-03.json,INLINE_MATH,"Add 10 to both sides: -8x <= 40."
RENDERER_GAP,tse-04-03,"steps[9].hints[2]",content/courses/two-step-equations/lessons/tse-04-03.json,INLINE_MATH,"The result is x >= -5."
RENDERER_GAP,tse-04-03,"remedials[0].check.explanationVariants[0]",content/courses/two-step-equations/lessons/tse-04-03.json,DISPLAY_MATH,"Subtract 20 (5x>=30), divide by 5: x>=6."
RENDERER_GAP,tse-04-03,"remedials[0].check.widget.options[0].label",content/courses/two-step-equations/lessons/tse-04-03.json,INLINE_MATH,"x >= 6"
RENDERER_GAP,tse-04-03,"remedials[0].check.widget.options[0].feedback",content/courses/two-step-equations/lessons/tse-04-03.json,INLINE_MATH,"Yes — x >= 6."
RENDERER_GAP,tse-04-03,"remedials[0].check.widget.options[1].label",content/courses/two-step-equations/lessons/tse-04-03.json,INLINE_MATH,"x <= 6"
RENDERER_GAP,tse-04-03,"remedials[0].check.widget.options[1].feedback",content/courses/two-step-equations/lessons/tse-04-03.json,INLINE_MATH,"Positive coefficient never flips: x>=6."
RENDERER_GAP,tse-04-03,"remedials[0].check.widget.options[2].label",content/courses/two-step-equations/lessons/tse-04-03.json,INLINE_MATH,"x >= 30"
RENDERER_GAP,vec-01-01,"steps[0].body",content/courses/vectors-matrices/lessons/vec-01-01.json,DISPLAY_MATH,"A **vector** carries two facts at once: a **magnitude** (how much) and a **direction** (which way). In components, v = ⟨a, b⟩ means 'go a right and b up.' Unlike a plain number — a scalar — a vector points somewhere. Velocity, force, and displacement are all vectors."
RENDERER_GAP,vec-01-01,"steps[2].widget.approxFormula.op",content/courses/vectors-matrices/lessons/vec-01-01.json,INLINE_MATH,"sqrt"
RENDERER_GAP,vec-01-01,"steps[4].widget.approxFormula.op",content/courses/vectors-matrices/lessons/vec-01-01.json,INLINE_MATH,"sqrt"
RENDERER_GAP,vec-01-01,"steps[6].widget.approxFormula.op",content/courses/vectors-matrices/lessons/vec-01-01.json,INLINE_MATH,"sqrt"
RENDERER_GAP,vec-02-01,"steps[2].widget.approxFormula.op",content/courses/vectors-matrices/lessons/vec-02-01.json,INLINE_MATH,"sqrt"
RENDERER_GAP,vec-02-01,"steps[5].widget.approxFormula.op",content/courses/vectors-matrices/lessons/vec-02-01.json,INLINE_MATH,"sqrt"
RENDERER_GAP,vec-02-01,"steps[6].widget.approxFormula.op",content/courses/vectors-matrices/lessons/vec-02-01.json,INLINE_MATH,"sqrt"
RENDERER_GAP,vec-02-02,"steps[2].widget.approxFormula.right.op",content/courses/vectors-matrices/lessons/vec-02-02.json,INLINE_MATH,"sqrt"
RENDERER_GAP,vec-02-02,"steps[5].widget.approxFormula.op",content/courses/vectors-matrices/lessons/vec-02-02.json,INLINE_MATH,"sqrt"
RENDERER_GAP,vec-02-02,"steps[6].widget.approxFormula.op",content/courses/vectors-matrices/lessons/vec-02-02.json,INLINE_MATH,"sqrt"
RENDERER_GAP,vec-02-03,"steps[3].widget.approxFormula.op",content/courses/vectors-matrices/lessons/vec-02-03.json,INLINE_MATH,"sqrt"
RENDERER_GAP,vec-02-03,"steps[6].widget.approxFormula.op",content/courses/vectors-matrices/lessons/vec-02-03.json,INLINE_MATH,"sqrt"
RENDERER_GAP,vec-03-01,"steps[3].body",content/courses/vectors-matrices/lessons/vec-03-01.json,DISPLAY_MATH,"The sign of the dot product reveals the rough angle: **positive** if the vectors point generally the same way (< 90° apart), **zero** if perpendicular, **negative** if generally opposite (> 90°). This is the dot product's superpower — it detects alignment."
RENDERER_GAP,vec-03-02,"steps[3].body",content/courses/vectors-matrices/lessons/vec-03-02.json,DISPLAY_MATH,"When cos θ = 1 the vectors are **parallel** (same direction, 0°); when cos θ = −1 they're **antiparallel** (opposite, 180°). Parallel vectors are scalar multiples of each other, so their dot product equals the full product of magnitudes — no 'wasted' perpendicular part."
RENDERER_GAP,vec-05-02,"steps[5].widget.approxFormula.op",content/courses/vectors-matrices/lessons/vec-05-02.json,INLINE_MATH,"sqrt"
RENDERER_GAP,vm-03-01,"steps[3].body",content/courses/volume-measurement/lessons/vm-03-01.json,DISPLAY_MATH,"When the cubes have real sizes, the count gets a label. If each cube is 1 centimeter on every edge, one cube is **1 cubic centimeter (cm³)**, and the volume in cm³ equals the number of cubes. Bigger cubes give bigger units: **cubic inches (in³)** or **cubic meters (m³)**. The little **3** means three dimensions — length, width, and height."
