decimals-place-value	dpv-02-02	k1	DUP-FEEDBACK
exponents-polynomials	ep-04-03	k3	DUP-FEEDBACK
exponents-polynomials	ep-04-03	ch1	DUP-FEEDBACK
exponents-polynomials	ep-04-02	k2	DUP-FEEDBACK
exponents-polynomials	ep-04-02	k3	DUP-FEEDBACK
exponents-polynomials	ep-04-02	ch1	DUP-FEEDBACK
exponents-scientific-notation	esn-02-02	k1	DUP-FEEDBACK
exponents-scientific-notation	esn-02-02	k2	DUP-FEEDBACK
exponents-scientific-notation	esn-02-02	k3	DUP-FEEDBACK
exponents-scientific-notation	esn-02-02	ch1	DUP-FEEDBACK
exponents-scientific-notation	esn-02-01	k3	DUP-FEEDBACK
place-value-1000	pv1000-03-01	ch1	DUP-FEEDBACK
polynomial-functions	pf-05-01	k2	DUP-FEEDBACK
polynomial-functions	pf-04-02	k1	DUP-FEEDBACK
polynomial-functions	pf-04-02	ch1	DUP-FEEDBACK
polynomial-functions	pf-02-01	k1	DUP-FEEDBACK
polynomial-functions	pf-02-01	ch1	DUP-FEEDBACK
polynomial-functions	pf-04-01	k1	DUP-FEEDBACK
polynomial-functions	pf-04-01	k2	DUP-FEEDBACK
polynomial-functions	pf-04-01	k3	DUP-FEEDBACK
polynomial-functions	pf-01-02	k1	DUP-FEEDBACK
polynomial-functions	pf-01-02	ch1	DUP-FEEDBACK
polynomial-functions	pf-03-03	k1	DUP-FEEDBACK
polynomial-functions	pf-03-03	k2	DUP-FEEDBACK
polynomial-functions	pf-04-03	k1	DUP-FEEDBACK
polynomial-functions	pf-04-03	k3	DUP-FEEDBACK
radical-functions	re-02-01	k1	DUP-FEEDBACK
radical-functions	re-02-01	k2	DUP-FEEDBACK
radical-functions	re-02-01	k3	DUP-FEEDBACK
radical-functions	re-02-01	ch1	DUP-FEEDBACK
radical-functions	re-01-03	k1	DUP-FEEDBACK
radical-functions	re-01-03	k2	DUP-FEEDBACK
radical-functions	re-01-03	k3	DUP-FEEDBACK
radical-functions	re-01-03	ch1	DUP-FEEDBACK
radical-functions	re-04-02	k1	DUP-FEEDBACK
radical-functions	re-04-02	k2	DUP-FEEDBACK
radical-functions	re-02-02	k1	DUP-FEEDBACK
radical-functions	re-02-02	k2	DUP-FEEDBACK
radical-functions	re-02-02	ch1	DUP-FEEDBACK
radical-functions	re-02-03	ch1	DUP-FEEDBACK
rational-functions	rf-03-02	k1	DUP-FEEDBACK
rational-functions	rf-03-02	k2	DUP-FEEDBACK
rational-functions	rf-03-02	k3	DUP-FEEDBACK
rational-functions	rf-03-02	ch1	DUP-FEEDBACK
rational-functions	rf-05-01	k2	DUP-FEEDBACK